BARCODE,ITEM CODE,DESCRIPTION 1,DESCRITION 2,DESCRIPTION 3,UNITS,DIVISION,GROUP,CLASSIFICATION 1,CLASSIFICATION 2, COST , SELLING PRICE , MODEL QUANTITY ,SUPPLIER CODE,MANUFACTURER, QUANTITY , REORDER POINT 
,BOOSTINA ,BOOSTINA ,,,KG.,POULRTY SUPPLY,FEEDS-GENERAL,PURINA,, 90.00 , 100.00 ,,AGRICONS,, 1 ,
,BIO 800,BIO 800,,,KG.,POULRTY SUPPLY,FEEDS-GENERAL,PURINA,, 50.60 , 54.00 ,,AGRICONS,, 29 ,
,B-100,B-100,,,50 KGS.,POULRTY SUPPLY,FEEDS-GENERAL,PURINA,," 1,710.00 "," 1,790.00 ",,AGRICONS,,,
,B-100,B-100,,,KG.,POULRTY SUPPLY,FEEDS-GENERAL,PURINA,, 34.20 , 37.00 ,,AGRICONS,,,
,B-200,B-200,,,50 KGS.,POULRTY SUPPLY,FEEDS-GENERAL,PURINA,," 1,653.00 "," 1,735.00 ",,AGRICONS,, 2 ,
,B-200,B-200,,,KG.,POULRTY SUPPLY,FEEDS-GENERAL,PURINA,, 33.06 , 36.00 ,,AGRICONS,, 23 ,
,B-300,B-300,,,50 KGS.,POULRTY SUPPLY,FEEDS-GENERAL,PURINA,," 1,610.00 "," 1,690.00 ",,AGRICONS,, 4 ,
,B-300,B-300,,,KG.,POULRTY SUPPLY,FEEDS-GENERAL,PURINA,, 32.20 , 35.50 ,,AGRICONS,, 49 ,
,HPSP/P-BMEG,PRE STARTER,PREMIUM,,25 KGS.,POULRTY SUPPLY,FEEDS-GENERAL,BMEG,," 1,077.00 "," 1,160.00 ",,JHK,, 1 ,
,HPSP/P-BMEG,PRE STARTER,PREMIUM,,KG.,POULRTY SUPPLY,FEEDS-GENERAL,BMEG,, 43.08 , 48.00 ,,JHK,, 27 ,
,HSP/P-BMEG,HOG STARTER PELLETS,PREMIUM,,50 KGS.,POULRTY SUPPLY,FEEDS-GENERAL,BMEG,," 1,315.00 "," 1,415.00 ",,JHK,, 4 ,
,HSP/P-BMEG,HOG STARTER PELLETS,PREMIUM,,KG.,POULRTY SUPPLY,FEEDS-GENERAL,BMEG,, 26.30 , 30.50 ,,JHK,, 38 ,
,HGP/P-BMEG,HOG GROWER PELLETS,PREMIUM,,50 KGS.,POULRTY SUPPLY,FEEDS-GENERAL,BMEG,," 1,229.00 "," 1,320.00 ",,JHK,, 3 ,
,HGP/P-BMEG,HOG GROWER PELLETS,PREMIUM,,KG.,POULRTY SUPPLY,FEEDS-GENERAL,BMEG,, 24.58 , 28.50 ,,JHK,, 4 ,
,PIGEON-BMEG,PIGEON PELLETS,,,50 KGS.,POULRTY SUPPLY,FEEDS-GENERAL,BMEG,," 1,098.00 "," 1,180.00 ",,JHK,, 5 ,
,PIGEON-BMEG,PIGEON PELLETS,,,KG.,POULRTY SUPPLY,FEEDS-GENERAL,BMEG,, 21.96 , 25.00 ,,JHK,, 43 ,
,INT 1K-BMEG,INTEGRA 1000,,,50 KGS.,POULRTY SUPPLY,FEEDS-GENERAL,BMEG,," 1,443.00 "," 1,510.00 ",,JHK,, 4 ,
,INT 1K-BMEG,INTEGRA 1000,,,KG.,POULRTY SUPPLY,FEEDS-GENERAL,BMEG,, 28.86 , 32.00 ,,JHK,, 52 ,
,INT 2K-BMEG,INTEGRA 2000,,,50 KGS.,POULRTY SUPPLY,FEEDS-GENERAL,BMEG,," 1,378.00 "," 1,445.00 ",,JHK,, 11 ,
,INT 2K-BMEG,INTEGRA 2000,,,KG.,POULRTY SUPPLY,FEEDS-GENERAL,BMEG,, 27.56 , 31.00 ,,JHK,, 46 ,
,INT 3K-BMEG,INTEGRA 3000,,,50 KGS.,POULRTY SUPPLY,FEEDS-GENERAL,BMEG,," 1,318.00 "," 1,385.00 ",,JHK,, 4 ,
,INT 3K-BMEG,INTEGRA 3000,,,KG.,POULRTY SUPPLY,FEEDS-GENERAL,BMEG,, 26.36 , 29.50 ,,JHK,, 50 ,
,FFM1-BMEG,FRY MASH 1,,,25 KGS.,POULRTY SUPPLY,FEEDS-GENERAL,BMEG,, 744.00 , 780.00 ,,JHK,, 2 ,
,FFM1-BMEG,FRY MASH 1,,,KG.,POULRTY SUPPLY,FEEDS-GENERAL,BMEG,, 29.76 , 33.00 ,,JHK,, 22 ,
,FFM2-BMEG,FRY MASH 2,,,25 KGS.,POULRTY SUPPLY,FEEDS-GENERAL,BMEG,, 739.00 , 775.00 ,,JHK,,,
,FFM2-BMEG,FRY MASH 2,,,KG.,POULRTY SUPPLY,FEEDS-GENERAL,BMEG,, 29.56 , 32.50 ,,JHK,,,
,NFJP-BMEG,NUTRIFLOAT JUVENILE FLOATING PELLETS,,,25 KGS.,POULRTY SUPPLY,FEEDS-GENERAL,BMEG,, 734.00 , 770.00 ,,JHK,,,
,NFJP-BMEG,NUTRIFLOAT JUVENILE FLOATING PELLETS,,,KG.,POULRTY SUPPLY,FEEDS-GENERAL,BMEG,, 29.36 , 33.00 ,,JHK,,,
,NFAP-BMEG,NUTRIFLOAT ADULT FLOATING PELLETS,,,25 KGS.,POULRTY SUPPLY,FEEDS-GENERAL,BMEG,, 709.00 , 745.00 ,,JHK,,,
,NFAP-BMEG,NUTRIFLOAT ADULT FLOATING PELLETS,,,KG.,POULRTY SUPPLY,FEEDS-GENERAL,BMEG,, 28.36 , 32.00 ,,JHK,,,
,TGSP-BMEG,TILAPIA GROWER SINKING PELLETS,,,25 KGS.,POULRTY SUPPLY,FEEDS-GENERAL,BMEG,, 709.00 , 745.00 ,,JHK,, 3 ,
,TGSP-BMEG,TILAPIA GROWER SINKING PELLETS,,,KG.,POULRTY SUPPLY,FEEDS-GENERAL,BMEG,, 28.36 , 32.00 ,,JHK,, 11 ,
,TSC-BMEG,TILAPIA STARTER CRUMBLES,,,25 KGS.,POULRTY SUPPLY,FEEDS-GENERAL,BMEG,, 734.00 , 770.00 ,,JHK,, 2 ,
,TSC-BMEG,TILAPIA STARTER CRUMBLES,,,KG.,POULRTY SUPPLY,FEEDS-GENERAL,BMEG,, 29.36 , 33.00 ,,JHK,,,
,PBC-LA4,PIGLET BOOSTER CRUMBLES,,,25 KGS.,POULRTY SUPPLY,FEEDS-GENERAL,LUCKY 4A,," 1,586.50 ",,,LUCKY 4A,,,
,PBC-LA4,PIGLET BOOSTER CRUMBLES,,,SACHET,POULRTY SUPPLY,FEEDS-GENERAL,LUCKY 4A,, 63.46 , 78.00 ,,LUCKY 4A,,,
,ZOOM-L4A,PIGGY ZOOM,,,25 KGS.,POULRTY SUPPLY,FEEDS-GENERAL,LUCKY 4A,," 1,049.00 "," 1,110.00 ",,LUCKY 4A,, 2 ,
,ZOOM-L4A,PIGGY ZOOM,,,SACHET,POULRTY SUPPLY,FEEDS-GENERAL,LUCKY 4A,, 41.96 , 46.00 ,,LUCKY 4A,, 1 ,
,HIGRO-L4A,HIGROTEK,,,50 KGS.,POULRTY SUPPLY,FEEDS-GENERAL,LUCKY 4A,," 1,323.00 "," 1,420.00 ",,LUCKY 4A,,,
,HIGRO-L4A,HIGROTEK,,,KG.,POULRTY SUPPLY,FEEDS-GENERAL,LUCKY 4A,, 26.46 , 30.00 ,,LUCKY 4A,,,
,PSP/HW-L4A,PIG STARTER PELLETS,HEALTHYWAY,,50 KGS.,POULRTY SUPPLY,FEEDS-GENERAL,LUCKY 4A,," 1,188.00 "," 1,270.00 ",,LUCKY 4A,, 1 ,
,PSP/HW-L4A,PIG STARTER PELLETS,HEALTHYWAY,,KG.,POULRTY SUPPLY,FEEDS-GENERAL,LUCKY 4A,, 23.76 , 27.00 ,,LUCKY 4A,, 36 ,
,PGP/HW-L4A,PIG GROWER PELLETS,HEALTHYWAY,,50 KGS.,POULRTY SUPPLY,FEEDS-GENERAL,LUCKY 4A,," 1,078.00 "," 1,160.00 ",,LUCKY 4A,,,
,PGP/HW-L4A,PIG GROWER PELLETS,HEALTHYWAY,,KG.,POULRTY SUPPLY,FEEDS-GENERAL,LUCKY 4A,, 21.56 , 25.00 ,,LUCKY 4A,, 55 ,
,PSP/M-L4A,PIG STARTER PELLETS,MILLER,,50 KGS.,POULRTY SUPPLY,FEEDS-GENERAL,LUCKY 4A,," 1,128.00 "," 1,215.00 ",,LUCKY 4A,, 2 ,
,PSP/M-L4A,PIG STARTER PELLETS,MILLER,,KG.,POULRTY SUPPLY,FEEDS-GENERAL,LUCKY 4A,, 22.56 , 26.00 ,,LUCKY 4A,, 60 ,
,PGP/M-L4A,PIG GROWER PELLETS,MILLER,,50 KGS.,POULRTY SUPPLY,FEEDS-GENERAL,LUCKY 4A,," 1,008.00 "," 1,105.00 ",,LUCKY 4A,, 2 ,
,PGP/M-L4A,PIG GROWER PELLETS,MILLER,,KG.,POULRTY SUPPLY,FEEDS-GENERAL,LUCKY 4A,, 20.16 , 23.50 ,,LUCKY 4A,, 33 ,
,PFP/M-L4A,PIG FINISHER PELLETES,MILLER,,50 KGS.,POULRTY SUPPLY,FEEDS-GENERAL,LUCKY 4A,, 958.00 ," 1,050.00 ",,LUCKY 4A,, 2 ,
,PFP/M-L4A,PIG FINISHER PELLETES,MILLER,,KG.,POULRTY SUPPLY,FEEDS-GENERAL,LUCKY 4A,, 19.16 , 22.50 ,,LUCKY 4A,, 27 ,
,PBP/M-L4A,PIG BREEDER PELLETS,MILLER,,50 KGS.,POULRTY SUPPLY,FEEDS-GENERAL,LUCKY 4A,, 958.00 ," 1,050.00 ",,LUCKY 4A,,,
,PBP/M-L4A,PIG BREEDER PELLETS,MILLER,,KG.,POULRTY SUPPLY,FEEDS-GENERAL,LUCKY 4A,, 19.16 , 22.50 ,,LUCKY 4A,,,
,CGC-L4A,CHICKEN GROWER CRUMBLES,,,50 KGS.,POULRTY SUPPLY,FEEDS-GENERAL,LUCKY 4A,," 1,113.00 "," 1,210.00 ",,LUCKY 4A,, 2 ,
,CGC-L4A,CHICKEN GROWER CRUMBLES,,,KG.,POULRTY SUPPLY,FEEDS-GENERAL,LUCKY 4A,, 22.26 , 26.00 ,,LUCKY 4A,, 32 ,
,CSP-L4A,CHICK STARTER PELLETS,,,50 KGS.,POULRTY SUPPLY,FEEDS-GENERAL,LUCKY 4A,," 1,203.00 "," 1,300.00 ",,LUCKY 4A,, 1 ,
,CSP-L4A,CHICK STARTER PELLETS,,,KG.,POULRTY SUPPLY,FEEDS-GENERAL,LUCKY 4A,, 24.06 , 27.50 ,,LUCKY 4A,, 3 ,
,HSP/U-URC,UNO HSP,UNO,,50 KGS.,POULRTY SUPPLY,FEEDS-GENERAL,ROBINA,," 1,235.00 "," 1,305.00 ",,UY,, 1 ,
,HSP/U-URC,UNO HSP,UNO,,KG.,POULRTY SUPPLY,FEEDS-GENERAL,ROBINA,, 24.70 , 28.50 ,,UY,, 68 ,
,HGP/U-URC,UNO HGP,UNO,,50 KGS.,POULRTY SUPPLY,FEEDS-GENERAL,ROBINA,," 1,135.00 "," 1,205.00 ",,UY,, 2 ,
,HGP/U-URC,UNO HGP,UNO,,KG.,POULRTY SUPPLY,FEEDS-GENERAL,ROBINA,, 22.70 , 27.50 ,,UY,, 31 ,
,PDP-URC,URC PDPP,,,50 KGS.,POULRTY SUPPLY,FEEDS-GENERAL,ROBINA,, 900.00 , 980.00 ,,UY,,,
,PDP-URC,URC PDPP,,,KG.,POULRTY SUPPLY,FEEDS-GENERAL,ROBINA,, 18.00 , 22.00 ,,UY,,,
,,SIDC,,,,POULRTY SUPPLY,FEEDS-GENERAL,,,,,,,,,
,,PELLETS,,,,POULRTY SUPPLY,FEEDS-GENERAL,,,,,,,,,
,BIGBOY-SIDC,BIG BOY ,,,25 KGS.,POULRTY SUPPLY,FEEDS-GENERAL,SIDC,," 1,029.00 "," 1,070.00 ",,SIDC,,,
,BIGBOY-SIDC,BIG BOY ,,,KGS.,POULRTY SUPPLY,FEEDS-GENERAL,SIDC,, 41.16 , 46.00 ,,SIDC,,,
,PBP-SIDC,PIGLET BOOSTER PELLETS,,,25 KGS.,POULRTY SUPPLY,FEEDS-GENERAL,SIDC,," 1,201.50 ",,,SIDC,,,
,PBP-SIDC,PIGLET BOOSTER PELLETS,,,KG.,POULRTY SUPPLY,FEEDS-GENERAL,SIDC,, 48.06 , 55.00 ,,SIDC,,,
,HPSP-SIDC,HOG PRE STARTER,,,25 KGS.,POULRTY SUPPLY,FEEDS-GENERAL,SIDC,," 1,032.50 "," 1,088.00 ",,SIDC,,,
,HPSP-SIDC,HOG PRE STARTER,,,KG.,POULRTY SUPPLY,FEEDS-GENERAL,SIDC,, 41.30 , 46.00 ,,SIDC,,,
,HSP-SIDC,HOG STARTER PELLETS,,,50 KGS.,POULRTY SUPPLY,FEEDS-GENERAL,SIDC,," 1,203.50 "," 1,280.00 ",,SIDC,, 2 ,
,HSP-SIDC,HOG STARTER PELLETS,,,KG.,POULRTY SUPPLY,FEEDS-GENERAL,SIDC,, 24.07 , 27.50 ,,SIDC,, 59 ,
,HGP-SIDC,HOG GROWER PELLETS,,,50 KGS.,POULRTY SUPPLY,FEEDS-GENERAL,SIDC,," 1,116.50 "," 1,210.00 ",,SIDC,, 2 ,
,HGP-SIDC,HOG GROWER PELLETS,,,KG.,POULRTY SUPPLY,FEEDS-GENERAL,SIDC,, 22.33 , 26.00 ,,SIDC,, 25 ,
,HFP-SIDC,HOG FINISHER PELLETS,,,50 KGS.,POULRTY SUPPLY,FEEDS-GENERAL,SIDC,, 986.50 ," 1,080.00 ",,SIDC,, 1 ,
,HFP-SIDC,HOG FINISHER PELLETS,,,KG.,POULRTY SUPPLY,FEEDS-GENERAL,SIDC,, 19.73 , 23.50 ,,SIDC,, 44 ,
,HBP-SIDC,HOG BREEDER PELLETS,,,50 KGS.,POULRTY SUPPLY,FEEDS-GENERAL,SIDC,, 946.50 ," 1,040.00 ",,SIDC,, 2 ,
,HBP-SIDC,HOG BREEDER PELLETS,,,KG.,POULRTY SUPPLY,FEEDS-GENERAL,SIDC,, 18.93 , 22.50 ,,SIDC,,,
,HLP-SIDC,HOG LACTATION PELLETS,,,50 KGS.,POULRTY SUPPLY,FEEDS-GENERAL,SIDC,," 1,016.50 "," 1,110.00 ",,SIDC,, 2 ,
,HLP-SIDC,HOG LACTATION PELLETS,,,KG.,POULRTY SUPPLY,FEEDS-GENERAL,SIDC,, 20.33 , 24.00 ,,SIDC,, 43 ,
,HGM-SIDC,HOG GROWER MASH,,,50 KGS.,POULRTY SUPPLY,FEEDS-GENERAL,SIDC,," 1,018.50 "," 1,115.00 ",,SIDC,,,
,HGM-SIDC,HOG GROWER MASH,,,KG.,POULRTY SUPPLY,FEEDS-GENERAL,SIDC,, 20.37 , 24.50 ,,SIDC,,,
,HFM-SIDC,HOG FINISHER MASH,,,50 KGS.,POULRTY SUPPLY,FEEDS-GENERAL,SIDC,, 943.50 ," 1,040.00 ",,SIDC,,,
,HFM-SIDC,HOG FINISHER MASH,,,KG.,POULRTY SUPPLY,FEEDS-GENERAL,SIDC,, 18.87 , 23.00 ,,SIDC,,,
,HBM-SIDC,HOG BREEDER MASH,,,50 KGS.,POULRTY SUPPLY,FEEDS-GENERAL,SIDC,, 926.50 ," 1,020.00 ",,SIDC,,,
,HBM-SIDC,HOG BREEDER MASH,,,KG.,POULRTY SUPPLY,FEEDS-GENERAL,SIDC,, 18.53 , 22.50 ,,SIDC,,,
,HLM-SIDC,HOG LACTATION MASH,,,50 KGS.,POULRTY SUPPLY,FEEDS-GENERAL,SIDC,," 1,014.50 "," 1,110.00 ",,SIDC,,,
,HLM-SIDC,HOG LACTATION MASH,,,KG.,POULRTY SUPPLY,FEEDS-GENERAL,SIDC,, 20.29 , 24.50 ,,SIDC,,,
,BBM-SIDC,BROILER BOOSTER MASH,,,25 KGS.,POULRTY SUPPLY,FEEDS-GENERAL,SIDC,, 683.50 , 738.00 ,,SIDC,, 1 ,
,BBM-SIDC,BROILER BOOSTER MASH,,,KG.,POULRTY SUPPLY,FEEDS-GENERAL,SIDC,, 27.34 , 31.00 ,,SIDC,, 5 ,
,BSC-SIDC,BROILER STARTER CRUMBLES,,,50 KGS.,POULRTY SUPPLY,FEEDS-GENERAL,SIDC,," 1,266.50 "," 1,360.00 ",,SIDC,, 2 ,
,BSC-SIDC,BROILER STARTER CRUMBLES,,,KG.,POULRTY SUPPLY,FEEDS-GENERAL,SIDC,, 25.33 , 29.00 ,,SIDC,, 17 ,
,BFC-SIDC,BROILER FINISHER CRUMBLE,,,50 KGS.,POULRTY SUPPLY,FEEDS-GENERAL,SIDC,," 1,196.50 "," 1,290.00 ",,SIDC,, 5 ,
,BFC-SIDC,BROILER FINISHER CRUMBLE,,,KG.,POULRTY SUPPLY,FEEDS-GENERAL,SIDC,, 23.93 , 28.00 ,,SIDC,, 5 ,
,DLP2-SIDC,DUCK LAYER 2,,,50 KGS.,POULRTY SUPPLY,FEEDS-GENERAL,SIDC,, 960.50 ," 1,030.00 ",,SIDC,, 7 ,
,DLP2-SIDC,DUCK LAYER 2,,,KG.,POULRTY SUPPLY,FEEDS-GENERAL,SIDC,, 19.21 , 23.00 ,,SIDC,, 30 ,
,DC-SIDC,DAIRY CATTLE FEEDS,,,50 KGS.,POULRTY SUPPLY,FEEDS-GENERAL,SIDC,, 747.50 , 825.00 ,,SIDC,, 1 ,
,DC-SIDC,DAIRY CATTLE FEEDS,,,KG.,POULRTY SUPPLY,FEEDS-GENERAL,SIDC,, 14.95 , 19.00 ,,SIDC,, 36 ,
,CLM-SIDC,CHICKEN LAYER MASH,,,50 KGS.,POULRTY SUPPLY,FEEDS-GENERAL,SIDC,," 1,034.50 "," 1,115.00 ",,SIDC,, 2 ,
,CLM-SIDC,CHICKEN LAYER MASH,,,KG.,POULRTY SUPPLY,FEEDS-GENERAL,SIDC,, 20.69 , 24.50 ,,SIDC,, 43 ,
,CLC-JB,CHICKEN LAYER CRUMBLES,,,50 KGS.,POULRTY SUPPLY,FEEDS-GENERAL,JETBEST,," 1,195.00 "," 1,295.00 ",,JETBEST,, 2 ,
,CLC-JB,CHICKEN LAYER CRUMBLES,,,KG.,POULRTY SUPPLY,FEEDS-GENERAL,JETBEST,, 23.90 , 27.50 ,,JETBEST,, 62 ,
,HBM/E-GHPI,ECO BREEDER MASH,,,50 KGS.,POULRTY SUPPLY,FEEDS-GENERAL,GHPI,, 890.00 , 970.00 ,,GHPI,, 4 ,
,HBM/E-GHPI,ECO BREEDER MASH,,,KG.,POULRTY SUPPLY,FEEDS-GENERAL,GHPI,, 17.80 , 21.00 ,,GHPI,, 41 ,
,HGM-LAD,HOG GROWER MASH,,,50 KGS.,POULRTY SUPPLY,FEEDS-GENERAL,LADECO,, 926.50 ," 1,005.00 ",,LADECO,, 1 ,
,HGM-LAD,HOG GROWER MASH,,,KG.,POULRTY SUPPLY,FEEDS-GENERAL,LADECO,, 18.53 , 22.50 ,,LADECO,, 62 ,
,HFM-LAD,HOG FINISHER MASH,,,50 KGS.,POULRTY SUPPLY,FEEDS-GENERAL,LADECO,, 906.50 , 985.00 ,,LADECO,,,
,HFM-LAD,HOG FINISHER MASH,,,KG.,POULRTY SUPPLY,FEEDS-GENERAL,LADECO,, 18.13 , 22.00 ,,LADECO,,,
,HBM-LAD,HOG BREEDER MASH,,,50 KGS.,POULRTY SUPPLY,FEEDS-GENERAL,LADECO,, 911.50 , 990.00 ,,LADECO,,,
,HBM-LAD,HOG BREEDER MASH,,,KG.,POULRTY SUPPLY,FEEDS-GENERAL,LADECO,, 18.23 , 22.00 ,,LADECO,,,
,HLM-LAD,HOG LACTATION MASH,,,50 KGS.,POULRTY SUPPLY,FEEDS-GENERAL,LADECO,, 916.50 , 995.00 ,,LADECO,,,
,HLM-LAD,HOG LACTATION MASH,,,KG.,POULRTY SUPPLY,FEEDS-GENERAL,LADECO,, 18.33 , 22.50 ,,LADECO,,,
,CBM-LAD,CHICK BOOSTER MASH,,,50 KGS.,POULRTY SUPPLY,FEEDS-GENERAL,LADECO,, 610.00 , 665.00 ,,LADECO,,,
,CBM-LAD,CHICK BOOSTER MASH,,,KG.,POULRTY SUPPLY,FEEDS-GENERAL,LADECO,, 24.40 , 29.00 ,,LADECO,,,
,BSM-LAD,BROILER STARTER MASH,,,50 KGS.,POULRTY SUPPLY,FEEDS-GENERAL,LADECO,," 1,129.00 "," 1,230.00 ",,LADECO,,,
,BSM-LAD,BROILER STARTER MASH,,,KG.,POULRTY SUPPLY,FEEDS-GENERAL,LADECO,, 22.58 , 26.50 ,,LADECO,,,
,BFM-LAD,BROILER FINISHER MASH,,,50 KGS.,POULRTY SUPPLY,FEEDS-GENERAL,LADECO,," 1,099.00 "," 1,205.00 ",,LADECO,,,
,BFM-LAD,BROILER FINISHER MASH,,,KG.,POULRTY SUPPLY,FEEDS-GENERAL,LADECO,, 21.98 , 26.00 ,,LADECO,,,
,CGM-LAD,CHICKEN GROWER MASH,,,50 KGS.,POULRTY SUPPLY,FEEDS-GENERAL,LADECO,," 1,067.00 "," 1,170.00 ",,LADECO,,,
,CGM-LAD,CHICKEN GROWER MASH,,,KG.,POULRTY SUPPLY,FEEDS-GENERAL,LADECO,, 21.34 , 25.50 ,,LADECO,,,
,CLM--LAD,CHICKEN LAYER MASH,,,50 KGS.,POULRTY SUPPLY,FEEDS-GENERAL,LADECO,," 1,085.00 "," 1,190.00 ",,LADECO,,,
,CLM-LAD,CHICKEN LAYER MASH,,,KG.,POULRTY SUPPLY,FEEDS-GENERAL,LADECO,, 21.70 , 26.00 ,,LADECO,,,
,BSC-LAD,BROILER STARTER CRUMBLES,,,50 KGS.,POULRTY SUPPLY,FEEDS-GENERAL,LADECO,," 1,144.00 "," 1,255.00 ",,LADECO,,,
,BSC-LAD,BROILER STARTER CRUMBLES,,,KG.,POULRTY SUPPLY,FEEDS-GENERAL,LADECO,, 22.88 , 27.00 ,,LADECO,,,
,BFC-LAD,BROILER FINISHER CRUMBLES,,,50 KGS.,POULRTY SUPPLY,FEEDS-GENERAL,LADECO,," 1,114.00 "," 1,220.00 ",,LADECO,,,
,BFC-LAD,BROILER FINISHER CRUMBLES,,,KG.,POULRTY SUPPLY,FEEDS-GENERAL,LADECO,, 22.28 , 26.50 ,,LADECO,,,
,CGC-LAD,CHICKEN GROWER CRUMBLES,,,50 KGS.,POULRTY SUPPLY,FEEDS-GENERAL,LADECO,," 1,082.00 "," 1,185.00 ",,LADECO,,,
,CGC-LAD,CHICKEN GROWER CRUMBLES,,,KG.,POULRTY SUPPLY,FEEDS-GENERAL,LADECO,, 21.64 , 26.00 ,,LADECO,,,
,CLC-LAD,CHICKEN LAYER CRUMBLES,,,50 KGS.,POULRTY SUPPLY,FEEDS-GENERAL,LADECO,," 1,105.00 "," 1,225.00 ",,LADECO,,,
,CLC-LAD,CHICKEN LAYER CRUMBLES,,,KG.,POULRTY SUPPLY,FEEDS-GENERAL,LADECO,, 22.10 , 26.50 ,,LADECO,,,
,PIGEON-GS,PIGEON PELLETS,,,50 KG.,POULRTY SUPPLY,FEEDS-GENERAL,GOODSEASON,, 680.00 , 800.00 ,,GOODSEASON,, 2 ,
,PIGEON-GS,PIGEON PELLETS,,,KG.,POULRTY SUPPLY,FEEDS-GENERAL,GOODSEASON,, 13.60 , 19.00 ,,GOODSEASON,, 54 ,
,RABBIT-GS,RABBIT PELLETS,,,50 KG.,POULRTY SUPPLY,FEEDS-GENERAL,GOODSEASON,, 715.00 , 830.00 ,,GOODSEASON,, 2 ,
,RABBIT-GS,RABBIT PELLETS,,,KG.,POULRTY SUPPLY,FEEDS-GENERAL,GOODSEASON,, 14.30 , 20.00 ,,GOODSEASON,, 46 ,
, TGFP/AQ-ACE ,TILAPIA GROWER FLOATING PELLETS, AQUASURE ,,25 KGS.,POULRTY SUPPLY,FEEDS-GENERAL,ACE,, 601.40 , 665.00 ,, ACE ,, 34 ,
, TGFP/AQ-ACE ,TILAPIA GROWER FLOATING PELLETS, AQUASURE ,,KG.,POULRTY SUPPLY,FEEDS-GENERAL,ACE,, 24.06 , 28.50 ,, ACE ,, 28 ,
, TFFP/AQ-ACE ,TILAPIA FINISHER FLOATING PELLETS, AQUASURE ,,25 KGS.,POULRTY SUPPLY,FEEDS-GENERAL,ACE,, 601.44 , 655.00 ,, ACE ,,,
, TFFP/AQ-ACE ,TILAPIA FINISHER FLOATING PELLETS, AQUASURE ,,KG.,POULRTY SUPPLY,FEEDS-GENERAL,ACE,, 24.06 , 28.00 ,, ACE ,,,
, FFM/I-ACE ,FISH FRY MASH, IDEAL ,,25 KGS.,POULRTY SUPPLY,FEEDS-GENERAL,ACE,, 703.25 , 770.00 ,, ACE ,, 8 ,
, FFM/I-ACE ,FISH FRY MASH, IDEAL ,,KG.,POULRTY SUPPLY,FEEDS-GENERAL,ACE,, 28.13 , 32.00 ,, ACE ,, 28 ,
, PF EXPANDER ,PF EXANDER,,,20 KGS.,POULRTY SUPPLY,FIGHTING COCK FEEEDS,NATVET,, 971.96 ," 1,070.00 ",, APT ,,,
, PF EXPANDER ,PF EXANDER,,,KG.,POULRTY SUPPLY,FIGHTING COCK FEEEDS,NATVET,, 48.60 , 58.00 ,, APT ,, 13 ,
, PF POINTING ,PF POINTING PELLETS,,,20 KGS.,POULRTY SUPPLY,FIGHTING COCK FEEEDS,NATVET,, 938.45 ," 1,060.00 ",, APT ,,,
, PF POINTING ,PF POINTING PELLETS,,,KG.,POULRTY SUPPLY,FIGHTING COCK FEEEDS,NATVET,, 46.92 , 56.00 ,, APT ,, 6 ,
, PF TUFF ,PF TUFF MAINTENANCE,,,25 KGS.,POULRTY SUPPLY,FIGHTING COCK FEEEDS,NATVET,, 564.41 , 600.00 ,, APT ,,,
, PF TUFF ,PF TUFF MAINTENANCE,,,KG.,POULRTY SUPPLY,FIGHTING COCK FEEEDS,NATVET,, 22.58 , 26.00 ,, APT ,,,
, PF PRECON ,PF PRECON,,,50 KGS.,POULRTY SUPPLY,FIGHTING COCK FEEEDS,NATVET,," 1,105.56 "," 1,175.00 ",, APT ,,,
, PF PRECON ,PF PRECON,,,KG.,POULRTY SUPPLY,FIGHTING COCK FEEEDS,NATVET,, 22.11 , 25.50 ,, APT ,,,
,BIRD MIX,BIRD MIXTURE,,,KG. ,POULRTY SUPPLY,INGREDIENTS,GOODSEASON,, 28.00 , 60.00 ,,GOODSEASON,, 51 ,
,BARLEY,BARLEY,,,50 KGS.,POULRTY SUPPLY,INGREDIENTS,GOODSEASON,," 1,200.00 "," 1,400.00 ",,GOODSEASON,,,
,BARLEY,BARLEY,,,KG.,POULRTY SUPPLY,INGREDIENTS,GOODSEASON,, 24.00 , 30.00 ,,GOODSEASON,,,
,BIRD SEED,BIRD SEED US,,,25 KGS.,POULRTY SUPPLY,INGREDIENTS,GOODSEASON,, 750.00 , 850.00 ,,GOODSEASON,, 3 ,
,BIRD SEED,BIRD SEED US,,,KG.,POULRTY SUPPLY,INGREDIENTS,GOODSEASON,, 30.00 , 37.00 ,,GOODSEASON,, 2 ,
,CANARY,CANARY,,,22.5 KGS.,POULRTY SUPPLY,INGREDIENTS,GOODSEASON,," 1,050.00 "," 1,375.00 ",,GOODSEASON,, 1 ,
,CANARY,CANARY,,,KG.,POULRTY SUPPLY,INGREDIENTS,GOODSEASON,, 46.67 , 60.00 ,,GOODSEASON,, 26 ,
,JOCKEY OATS,JOCKEY OATS,,,22.6 KGS.,POULRTY SUPPLY,INGREDIENTS,GOODSEASON,, 675.00 ,,,GOODSEASON,, 1 ,
,JOCKEY OATS,JOCKEY OATS,,,KG.,POULRTY SUPPLY,INGREDIENTS,GOODSEASON,, 29.87 , 35.00 ,,GOODSEASON,, 12 ,
,OAT GROAT,OAT GROAT,,,25 KGS.,POULRTY SUPPLY,INGREDIENTS,GOODSEASON,, 980.00 ," 1,150.00 ",,GOODSEASON,,,
,OAT GROAT,OAT GROAT,,,KG.,POULRTY SUPPLY,INGREDIENTS,GOODSEASON,, 39.20 , 48.00 ,,GOODSEASON,, 19 ,
,RED MILLETS,RED MILLET,,,25 KGS.,POULRTY SUPPLY,INGREDIENTS,GOODSEASON,, 700.00 , 925.00 ,,GOODSEASON,,,
,RED MILLETS,RED MILLET,,,KG.,POULRTY SUPPLY,INGREDIENTS,GOODSEASON,, 28.00 , 40.00 ,,GOODSEASON,, 23 ,
,SAFF,SAFFLOWER,,,25 KGS.,POULRTY SUPPLY,INGREDIENTS,GOODSEASON,," 1,300.00 "," 1,500.00 ",,GOODSEASON,,,
,SAFF,SAFFLOWER,,,KG.,POULRTY SUPPLY,INGREDIENTS,GOODSEASON,, 52.00 , 65.00 ,,GOODSEASON,, 10 ,
,SORGHUM,SORGHUM,,,50KGS,POULRTY SUPPLY,INGREDIENTS,GOODSEASON,," 1,100.00 "," 1,400.00 ",,GOODSEASON,,,
,SORGHUM,SORGHUM,,,KG.,POULRTY SUPPLY,INGREDIENTS,GOODSEASON,, 22.00 , 30.00 ,,GOODSEASON,, 20 ,
,SUN BLACK,SUNFLOWER BLACK,,,25 KGS.,POULRTY SUPPLY,INGREDIENTS,GOODSEASON,," 1,250.00 "," 1,300.00 ",,GOODSEASON,,,
,SUN BLACK,SUNFLOWER BLACK,,,KG,POULRTY SUPPLY,INGREDIENTS,GOODSEASON,, 50.00 , 55.00 ,,GOODSEASON,, 25 ,
,SUN STRIPES,SUNFLOWER STRIPES,,,25 KGS.,POULRTY SUPPLY,INGREDIENTS,GOODSEASON,," 1,300.00 "," 1,600.00 ",,GOODSEASON,,,
,SUN STRIPES,SUNFLOWER STRIPES,,,KG,POULRTY SUPPLY,INGREDIENTS,GOODSEASON,, 52.00 , 70.00 ,,GOODSEASON,,,
,SUN JUMBO,SUNFLOWER JUMBO,,,22.6 KGS.,POULRTY SUPPLY,INGREDIENTS,GOODSEASON,," 1,450.00 "," 1,650.00 ",,GOODSEASON,,,
,SUN JUMBO,SUNFLOWER JUMBO,,,KG.,POULRTY SUPPLY,INGREDIENTS,GOODSEASON,, 70.00 , 75.00 ,,GOODSEASON,, 19 ,
,WHOLE OATS,WHOLE OATS,,,50 KGS.,POULRTY SUPPLY,INGREDIENTS,GOODSEASON,," 1,200.00 ",,,GOODSEASON,,,
,WHOLE OATS,WHOLE OATS,,,KG.,POULRTY SUPPLY,INGREDIENTS,GOODSEASON,, 24.00 , 30.00 ,,GOODSEASON,,,
,YELLOW MILLETS,YELLOW MILLETS,,,25 KGS.,POULRTY SUPPLY,INGREDIENTS,GOODSEASON,, 656.00 ,,,GOODSEASON,,,
,YELLOW MILLETS,YELLOW MILLETS,,,KG.,POULRTY SUPPLY,INGREDIENTS,GOODSEASON,, 26.24 , 40.00 ,,GOODSEASON,,,
,BLACK MILLETS,BLACK MILLETS,,,25 KGS.,POULRTY SUPPLY,INGREDIENTS,GOODSEASON,, 795.00 ,,,GOODSEASON,,,
,BLACK MILLETS,BLACK MILLETS,,,KG.,POULRTY SUPPLY,INGREDIENTS,GOODSEASON,, 31.80 , 50.00 ,,GOODSEASON,,,
,CORN GRITS,CORN CRITS,,,30 KGS.,POULRTY SUPPLY,INGREDIENTS,,, 670.00 , 715.00 ,,CLDS,, 6 ,
,CORN GRITS,CORN CRITS,,,KG.,POULRTY SUPPLY,INGREDIENTS,,, 22.33 , 25.50 ,,CLDS,, 31 ,
,CRACK CORN,CRACK CORN,,,40 KGS.,POULRTY SUPPLY,INGREDIENTS,,, 860.00 , 925.00 ,,CLDS,, 7 ,
,CRACK CORN,CRACK CORN,,,KG.,POULRTY SUPPLY,INGREDIENTS,,, 21.50 , 24.50 ,,CLDS,, 13 ,
,PALYAT,PALYAT,,,40 KGS.,POULRTY SUPPLY,INGREDIENTS,,, 320.00 , 470.00 ,,VARIOUS,, 3 ,
,PALYAT,PALYAT,,,KG.,POULRTY SUPPLY,INGREDIENTS,,, 8.00 , 14.00 ,,VARIOUS,, 52 ,
,DARAK ,DARAK ,,,40 KGS.,POULRTY SUPPLY,INGREDIENTS,,, 440.00 ,,,VARIOUS,,,
,DARAK ,DARAK ,,,KG.,POULRTY SUPPLY,INGREDIENTS,,, 11.00 , 14.00 ,,VARIOUS,,,
,TRIGO PINO,TRIGO PINO,,,40 KGS.,POULRTY SUPPLY,INGREDIENTS,,, 550.00 , 630.00 ,,VARIOUS,,,
,TRIGO PINO,TRIGO PINO,,,KG.,POULRTY SUPPLY,INGREDIENTS,,, 13.75 , 17.00 ,,VARIOUS,, 34 ,
,TRIGO MAGASPANG,TRIGO MAGASPANG,,,40 KGS.,POULRTY SUPPLY,INGREDIENTS,,,,,,VARIOUS,,,
,TRIGO MAGASPANG,TRIGO MAGASPANG,,,KG.,POULRTY SUPPLY,INGREDIENTS,,, -   ,,,VARIOUS,,,
,ECO,ORANGE,,,25 KGS.,POULRTY SUPPLY,FIGHTING COCK FEEEDS,CONCENTRATE,, 430.75 , 490.00 ,,LADECO,, 20 ,
,ECO,ORANGE,,,KG.,POULRTY SUPPLY,FIGHTING COCK FEEEDS,CONCENTRATE,, 17.23 , 21.00 ,,LADECO,, 12 ,
,PROPEL,PROPEL BUENA,,,25 KGS.,POULRTY SUPPLY,FIGHTING COCK FEEEDS,CONCENTRATE,, 540.00 , 630.00 ,,JETBEST,, 8 ,
,PROPEL,PROPEL BUENA,,,KG.,POULRTY SUPPLY,FIGHTING COCK FEEEDS,CONCENTRATE,, 21.60 , 27.00 ,,JETBEST,, 14 ,
,POWER,POWER,,,25 KGS.,POULRTY SUPPLY,FIGHTING COCK FEEEDS,CONCENTRATE,, 545.00 , 600.00 ,,ACD,, 4 ,
,POWER,POWER,,,KG.,POULRTY SUPPLY,FIGHTING COCK FEEEDS,CONCENTRATE,, 21.80 , 25.00 ,,ACD,, 10 ,
,SEF,SPECIAL EF,,,25 KGS.,POULRTY SUPPLY,FIGHTING COCK FEEEDS,CONCENTRATE,, 610.00 , 685.00 ,,ACD,, 3 ,
,SEF,SPECIAL EF,,,KG.,POULRTY SUPPLY,FIGHTING COCK FEEEDS,CONCENTRATE,, 24.40 , 28.50 ,,ACD,, 25 ,
,EF,SUPER EF,,,25 KGS.,POULRTY SUPPLY,FIGHTING COCK FEEEDS,CONCENTRATE,, 680.00 , 780.00 ,,ACD,, 3 ,
,EF,SUPER EF,,,KG.,POULRTY SUPPLY,FIGHTING COCK FEEEDS,CONCENTRATE,, 27.20 , 33.00 ,,ACD,, 46 ,
,TOP,TOP SPEED,,,25 KGS.,POULRTY SUPPLY,FIGHTING COCK FEEEDS,CONCENTRATE,, 710.00 , 785.00 ,,ACD,, 3 ,
,TOP,TOP SPEED,,,KG,POULRTY SUPPLY,FIGHTING COCK FEEEDS,CONCENTRATE,, 28.40 , 34.00 ,,ACD,, 13 ,
,MAIN,MAINTENANCE CONDITIONER,,,25 KGS.,POULRTY SUPPLY,FIGHTING COCK FEEEDS,CONCENTRATE,, 650.00 , 725.00 ,,ACD,, 1 ,
,MAIN,MAINTENANCE CONDITIONER,,,KG.,POULRTY SUPPLY,FIGHTING COCK FEEEDS,CONCENTRATE,, 26.00 , 30.00 ,,ACD,, 30 ,
,PRECON,PRECON,,,25 KGS.,POULRTY SUPPLY,FIGHTING COCK FEEEDS,CONCENTRATE,, 680.00 , 755.00 ,,ACD,, 1 ,
,PRECON,PRECON,,,KG.,POULRTY SUPPLY,FIGHTING COCK FEEEDS,CONCENTRATE,, 27.20 , 32.00 ,,ACD,, 37 ,
,FLYER MIX,FLYER MIX,,,25 KGS.,POULRTY SUPPLY,FIGHTING COCK FEEEDS,CONCENTRATE,, 766.50 , 900.00 ,,CLDS,, 1 ,
,FLYER MIX,FLYER MIX,,,KG.,POULRTY SUPPLY,FIGHTING COCK FEEEDS,CONCENTRATE,, 30.66 , 37.00 ,,CLDS,, 36 ,
,BREEDER MAXI,BREEDER MAXI,,,25 KGS.,POULRTY SUPPLY,FIGHTING COCK FEEEDS,CONCENTRATE,, 786.50 , 920.00 ,,CLDS,,,
,BREEDER MAXI,BREEDER MAXI,,,KG.,POULRTY SUPPLY,FIGHTING COCK FEEEDS,CONCENTRATE,, 31.46 , 38.00 ,,CLDS,,,
,ROYAL,ROYAL GRAIN,,,22.6kgs,POULRTY SUPPLY,FIGHTING COCK FEEEDS,CONCENTRATE,," 1,006.50 "," 1,100.00 ",,CLDS,,,
,ROYAL,ROYAL GRAIN,,,KG.,POULRTY SUPPLY,FIGHTING COCK FEEEDS,CONCENTRATE,, 44.54 , 52.00 ,,CLDS,, 4 ,
, S16 ,DG SPECIAL,,,25 KGS.,POULRTY SUPPLY,FIGHTING COCK FEEEDS,CONCENTRATE,, 630.17 , 740.00 ,, APT ,,,
, S16 ,DG SPECIAL,,,KG.,POULRTY SUPPLY,FIGHTING COCK FEEEDS,CONCENTRATE,, 25.21 , 31.00 ,, APT ,, 32 ,
, S18 ,DG SLASHER,,,25 KGS.,POULRTY SUPPLY,FIGHTING COCK FEEEDS,CONCENTRATE,, 698.47 , 810.00 ,, APT ,, 1 ,
, S18 ,DG SLASHER,,,KG.,POULRTY SUPPLY,FIGHTING COCK FEEEDS,CONCENTRATE,, 27.94 , 34.00 ,, APT ,, 34 ,
,BSB-TB,BSB,,,24'S,POULRTY SUPPLY,FIGHTING COCK FEEEDS,THUNDERBIRD,, 805.16 , 865.00 ,,UNAHCO FEEDS,, 1 ,
,BSB-TB,BSB,,,SACHET,POULRTY SUPPLY,FIGHTING COCK FEEEDS,THUNDERBIRD,, 33.55 , 37.50 ,,UNAHCO FEEDS,, 3 ,
,SD-TB,SD,,,24'S,POULRTY SUPPLY,FIGHTING COCK FEEEDS,THUNDERBIRD,, 783.52 , 842.00 ,,UNAHCO FEEDS,, 6 ,
,SD-TB,SD,,,SACHET,POULRTY SUPPLY,FIGHTING COCK FEEEDS,THUNDERBIRD,, 32.65 , 36.50 ,,UNAHCO FEEDS,, 26 ,
,SD4+-TB,SD4+,,,24'S,POULRTY SUPPLY,FIGHTING COCK FEEEDS,THUNDERBIRD,, 686.15 , 735.00 ,,UNAHCO FEEDS,, 3 ,
,SD4+-TB,SD4+,,,SACHET,POULRTY SUPPLY,FIGHTING COCK FEEEDS,THUNDERBIRD,, 28.59 , 32.00 ,,UNAHCO FEEDS,, 10 ,
,HM-TB,HM,,,24'S,POULRTY SUPPLY,FIGHTING COCK FEEEDS,THUNDERBIRD,, 588.78 , 645.00 ,,UNAHCO FEEDS,, 4 ,
,HM-TB,HM,,,SACHET,POULRTY SUPPLY,FIGHTING COCK FEEEDS,THUNDERBIRD,, 24.53 , 27.50 ,,UNAHCO FEEDS,, 13 ,
,POWER-TB,POWER,,,24'S,POULRTY SUPPLY,FIGHTING COCK FEEEDS,THUNDERBIRD,, 924.17 , 995.00 ,,UNAHCO FEEDS,, 1 ,
,POWER-TB,POWER,,,SACHET,POULRTY SUPPLY,FIGHTING COCK FEEEDS,THUNDERBIRD,, 38.51 , 43.50 ,,UNAHCO FEEDS,, 26 ,
,SUC-TB,SUCCESSOR,,,24'S,POULRTY SUPPLY,FIGHTING COCK FEEEDS,THUNDERBIRD,, 675.33 , 722.00 ,,UNAHCO FEEDS,, 2 ,
,SUC-TB,SUCCESSOR,,,SACHET,POULRTY SUPPLY,FIGHTING COCK FEEEDS,THUNDERBIRD,, 28.14 , 31.00 ,,UNAHCO FEEDS,, 23 ,
,PIGEON-TB,PIGEON,,,24'S,POULRTY SUPPLY,FIGHTING COCK FEEEDS,THUNDERBIRD,, 523.86 , 565.00 ,,UNAHCO FEEDS,,,
,PIGEON-TB,PIGEON,,,SACHET,POULRTY SUPPLY,FIGHTING COCK FEEEDS,THUNDERBIRD,, 21.83 , 25.50 ,,UNAHCO FEEDS,, 22 ,
,ENER-TB,ENERTONE,,,24'S,POULRTY SUPPLY,FIGHTING COCK FEEEDS,THUNDERBIRD,, 632.05 , 680.00 ,,UNAHCO FEEDS,, 13 ,
,ENER-TB,ENERTONE,,,SACHET,POULRTY SUPPLY,FIGHTING COCK FEEEDS,THUNDERBIRD,, 26.34 , 29.50 ,,UNAHCO FEEDS,, 7 ,
,PLAT-TB,PLATINUM,,,24'S,POULRTY SUPPLY,FIGHTING COCK FEEEDS,THUNDERBIRD,," 1,054.00 "," 1,135.00 ",,UNAHCO FEEDS,, 4 ,
,PLAT-TB,PLATINUM,,,SACHET,POULRTY SUPPLY,FIGHTING COCK FEEEDS,THUNDERBIRD,, 43.92 , 49.00 ,,UNAHCO FEEDS,, 5 ,
,BSB/KRAFT-TB,BABY STAG BOOSTER PELLETS,,,20 KGS.,POULRTY SUPPLY,FIGHTING COCK FEEEDS,THUNDERBIRD,, 625.89 , 690.00 ,,UNAHCO FEEDS,,,
,BSB/KRAFT-TB,BABY STAG BOOSTER PELLETS,,,KG.,POULRTY SUPPLY,FIGHTING COCK FEEEDS,THUNDERBIRD,, 31.29 , 36.00 ,,UNAHCO FEEDS,,,
,SD/KRAFT-TB,STAG DEVELOPER PELLETS,,,20 KGS.,POULRTY SUPPLY,FIGHTING COCK FEEEDS,THUNDERBIRD,, 589.82 , 655.00 ,,UNAHCO FEEDS,,,
,SD-KRAFT-TB,STAG DEVELOPER PELLETS,,,KG.,POULRTY SUPPLY,FIGHTING COCK FEEEDS,THUNDERBIRD,, 29.49 , 34.50 ,,UNAHCO FEEDS,,,
,SD4+/KRAFT-TB,STAG DEV 4+,,,25 KGS.,POULRTY SUPPLY,FIGHTING COCK FEEEDS,THUNDERBIRD,, 587.12 , 660.00 ,,UNAHCO FEEDS,,,
,SD4+/KRAFT-TB,STAG DEV 4+,,,KG.,POULRTY SUPPLY,FIGHTING COCK FEEEDS,THUNDERBIRD,, 23.48 , 29.00 ,,UNAHCO FEEDS,,,
,HM/KRAFT-TB,HILANDER MAINTENANCE PELLETS,,,20 KGS.,POULRTY SUPPLY,FIGHTING COCK FEEEDS,THUNDERBIRD,, 481.63 , 535.00 ,,UNAHCO FEEDS,,,
,HM/KRAFT-TB,HILANDER MAINTENANCE PELLETS,,,KG.,POULRTY SUPPLY,FIGHTING COCK FEEEDS,THUNDERBIRD,, 24.08 , 27.00 ,,UNAHCO FEEDS,,,
,GMP1-TB,GMP1,,,50 KGS.,POULRTY SUPPLY,FIGHTING COCK FEEEDS,THUNDERBIRD,," 1,227.00 "," 1,315.00 ",,UNAHCO FEEDS,, 2 ,
,GMP1-TB,GMP1,,,KG.,POULRTY SUPPLY,FIGHTING COCK FEEEDS,THUNDERBIRD,, 24.54 , 28.00 ,,UNAHCO FEEDS,, 21 ,
,GMP2-TB,GMP2,,,50 KGS.,POULRTY SUPPLY,FIGHTING COCK FEEEDS,THUNDERBIRD,," 1,152.00 "," 1,240.00 ",,UNAHCO FEEDS,, 4 ,
,GMP2-TB,GMP2,,,KG.,POULRTY SUPPLY,FIGHTING COCK FEEEDS,THUNDERBIRD,, 23.04 , 26.50 ,,UNAHCO FEEDS,, 63 ,
,GMP3-TB,GMP3,,,50 KGS.,POULRTY SUPPLY,FIGHTING COCK FEEEDS,THUNDERBIRD,," 1,052.00 "," 1,140.00 ",,UNAHCO FEEDS,, 5 ,
,GMP3-TB,GMP3,,,KG.,POULRTY SUPPLY,FIGHTING COCK FEEEDS,THUNDERBIRD,, 21.04 , 24.50 ,,UNAHCO FEEDS,, 28 ,
,GMP4-TB,GMP4,,,50 KGS.,POULRTY SUPPLY,FIGHTING COCK FEEEDS,THUNDERBIRD,," 1,002.00 "," 1,090.00 ",,UNAHCO FEEDS,, 8 ,
,GMP4-TB,GMP4,,,KG.,POULRTY SUPPLY,FIGHTING COCK FEEEDS,THUNDERBIRD,, 20.04 , 23.50 ,,UNAHCO FEEDS,, 64 ,
,CBC-SSAG,CHICK BOOSTER CRUMBLES,,,24'S,POULRTY SUPPLY,FIGHTING COCK FEEEDS,SAGUPAAN,, 818.16 , 880.00 ,,SAGUPAAN,, 2 ,
,CBC-SSAG,CHICK BOOSTER CRUMBLES,,,SACHET,POULRTY SUPPLY,FIGHTING COCK FEEEDS,SAGUPAAN,, 34.09 , 38.50 ,,SAGUPAAN,, 6 ,
,BSDC-SAG,BABY STAG DEVELOPER CRUMBLES,,,24'S,POULRTY SUPPLY,FIGHTING COCK FEEEDS,SAGUPAAN,, 818.16 , 880.00 ,,SAGUPAAN,, 2 ,
,BSDC-SAG,BABY STAG DEVELOPER CRUMBLES,,,SACHET,POULRTY SUPPLY,FIGHTING COCK FEEEDS,SAGUPAAN,, 34.09 , 38.50 ,,SAGUPAAN,, 7 ,
,SDP-SAG,STAG DEVELOPER PELLETS,,,24'S,POULRTY SUPPLY,FIGHTING COCK FEEEDS,SAGUPAAN,, 797.76 , 860.00 ,,SAGUPAAN,, 3 ,
,SDP-SAG,STAG DEVELOPER PELLETS,,,SACHET,POULRTY SUPPLY,FIGHTING COCK FEEEDS,SAGUPAAN,, 33.24 , 37.50 ,,SAGUPAAN,, 11 ,
,RTF-SAG,READY-TO-FIGHT,,,24'S,POULRTY SUPPLY,FIGHTING COCK FEEEDS,SAGUPAAN,, 928.32 ," 1,000.00 ",,SAGUPAAN,, 2 ,
,RTF-SAG,READY-TO-FIGHT,,,SACHET,POULRTY SUPPLY,FIGHTING COCK FEEEDS,SAGUPAAN,, 38.68 , 43.00 ,,SAGUPAAN,, 16 ,
,HA-SAG,HI-ACTION,,,24'S,POULRTY SUPPLY,FIGHTING COCK FEEEDS,SAGUPAAN,, 663.12 , 715.00 ,,SAGUPAAN,, 4 ,
,HA-SAG,HI-ACTION,,,SACHET,POULRTY SUPPLY,FIGHTING COCK FEEEDS,SAGUPAAN,, 27.63 , 31.00 ,,SAGUPAAN,, 22 ,
,WL-SAG,WINNING LINE,,,24'S,POULRTY SUPPLY,FIGHTING COCK FEEEDS,SAGUPAAN,," 1,050.72 "," 1,130.00 ",,SAGUPAAN,,,
,WL-SAG,WINNING LINE,,,SACHET,POULRTY SUPPLY,FIGHTING COCK FEEEDS,SAGUPAAN,, 43.78 , 49.00 ,,SAGUPAAN,, 16 ,
,BP-SAG,BREEDER PELLETS,,,24'S,POULRTY SUPPLY,FIGHTING COCK FEEEDS,SAGUPAAN,, 797.76 , 860.00 ,,SAGUPAAN,,,
,BA-SAG,BREEDER PELLETS,,,SACHET,POULRTY SUPPLY,FIGHTING COCK FEEEDS,SAGUPAAN,, 33.24 , 37.50 ,,SAGUPAAN,,,
,BERDUGO-PB,BERDUGO,,,25KG,POULRTY SUPPLY,FIGHTING COCK FEEEDS,,," 1,131.50 "," 1,255.00 ",,CLDS,,,
,BERDUGO-PB,BERDUGO,,,SACHET,POULRTY SUPPLY,FIGHTING COCK FEEEDS,,, 45.26 , 52.50 ,,CLDS,, 8 ,
,ALPO PC,ALPO PRIME CUT,,,16.81KGS,POULRTY SUPPLY,DOG FOOD,DRY DOGFOOD,," 1,521.74 "," 1,675.00 ",,LEROI,,,
,ALPO PC,ALPO PRIME CUT,,,KG.,POULRTY SUPPLY,DOG FOOD,DRY DOGFOOD,, 90.53 , 105.00 ,,LEROI,,,
,ALPO ADULT,ALPO ADULT,,,10KGS.,POULRTY SUPPLY,DOG FOOD,DRY DOGFOOD,," 1,160.13 "," 1,300.00 ",,LEROI,,,
,ALPO ADULT,ALPO ADULT,,,KG.,POULRTY SUPPLY,DOG FOOD,DRY DOGFOOD,, 116.01 , 135.00 ,,LEROI,,,
,ALPO PUP,ALPO PUP,,,15 KGS.,POULRTY SUPPLY,DOG FOOD,DRY DOGFOOD,," 1,811.63 "," 1,995.00 ",,LEROI,,,
,ALPO PUP,ALPO PUP,,,KG.,POULRTY SUPPLY,DOG FOOD,DRY DOGFOOD,, 120.78 , 140.00 ,,LEROI,, 5 ,
,ASPIN,ASPIN,,,20 KGS.,POULRTY SUPPLY,DOG FOOD,DRY DOGFOOD,, 863.50 , 970.00 ,, MAXIVETE ,,,
,ASPIN,ASPIN,,,KG.,POULRTY SUPPLY,DOG FOOD,DRY DOGFOOD,, 43.18 , 55.00 ,, MAXIVETE ,,,
,ASPIN,ASPIN,,,8 KGS.,POULRTY SUPPLY,DOG FOOD,DRY DOGFOOD,, 350.00 , 410.00 ,, MAXIVETE ,,,
,ASPIN,ASPIN,,,KG.,POULRTY SUPPLY,DOG FOOD,DRY DOGFOOD,, 43.75 , 55.00 ,, MAXIVETE ,,,
,BPA,BEEF PRO A,,,22.6 KGS.,POULRTY SUPPLY,DOG FOOD,DRY DOGFOOD,," 1,304.76 "," 1,450.00 ",,DANCOR,, 6 ,
,BPA,BEEF PRO A,,,KG.,POULRTY SUPPLY,DOG FOOD,DRY DOGFOOD,, 57.73 , 68.00 ,,DANCOR,, 26 ,
,BPP,BEEF PRO P,,,22.6 KGS.,POULRTY SUPPLY,DOG FOOD,DRY DOGFOOD,," 1,565.63 "," 1,750.00 ",,DANCOR,, 4 ,
,BPP,BEEF PRO P,,,KG.,POULRTY SUPPLY,DOG FOOD,DRY DOGFOOD,, 68.97 , 83.00 ,,DANCOR,, 6 ,
,BEEFY,BEEFY,,,8 KGS.,POULRTY SUPPLY,DOG FOOD,DRY DOGFOOD,, 320.00 , 380.00 ,, VETFILES ,, 18 ,
,BEEFY,BEEFY,,,KG.,POULRTY SUPPLY,DOG FOOD,DRY DOGFOOD,, 40.00 , 50.00 ,, VETFILES ,, 1 ,
,ESBA,EUKA SMALL BREED ADULT,,,15 KGS.,POULRTY SUPPLY,DOG FOOD,DRY DOGFOOD,," 1,995.00 "," 2,190.00 ",,PLU,, 2 ,
,ESBA,EUKA SMALL BREED ADULT,,,KG.,POULRTY SUPPLY,DOG FOOD,DRY DOGFOOD,, 133.00 , 155.00 ,,PLU,,,
,ESBP,EUKA SMALL BREED  PUPPY,,,20 KGS.,POULRTY SUPPLY,DOG FOOD,DRY DOGFOOD,," 2,890.00 "," 3,300.00 ",,PLU,,,
,ESBP,EUKA SMALL BREED  PUPPY,,,KG.,POULRTY SUPPLY,DOG FOOD,DRY DOGFOOD,, 144.50 , 165.00 ,,PLU,,,
,ELBA,EUKA LARGE BREED ADULT,,,15 KGS.,POULRTY SUPPLY,DOG FOOD,DRY DOGFOOD,," 1,995.00 "," 2,190.00 ",,PLU,,,
,ELBA,EUKA LARGE BREED ADULT,,,KG.,POULRTY SUPPLY,DOG FOOD,DRY DOGFOOD,, 133.00 , 155.00 ,,PLU,,,
,ELBP,EUKA LARGE BREED PUPPY,,,15 KGS.,POULRTY SUPPLY,DOG FOOD,DRY DOGFOOD,," 2,170.00 "," 2,470.00 ",,PLU,,,
,ELBP,EUKA LARGE BREED PUPPY,,,KG.,POULRTY SUPPLY,DOG FOOD,DRY DOGFOOD,, 144.67 , 165.00 ,,PLU,,,
,ELRA,EUKA LAMB&RICE ADULT,,,15 KGS.,POULRTY SUPPLY,DOG FOOD,DRY DOGFOOD,," 2,115.00 "," 2,390.00 ",,PLU,,,
,ELRA,EUKA LAMB&RICE ADULT,,,KG.,POULRTY SUPPLY,DOG FOOD,DRY DOGFOOD,, 141.00 , 165.00 ,,PLU,,,
,ELRP,EUKA LAMB&RICE PUPPY,,,15 KGS.,POULRTY SUPPLY,DOG FOOD,DRY DOGFOOD,," 2,282.00 "," 2,590.00 ",,PLU,,,
,ELRP,EUKA LAMB&RICE PUPPY,,,KG.,POULRTY SUPPLY,DOG FOOD,DRY DOGFOOD,, 152.13 , 175.00 ,,PLU,,,
,HOLISTIC ADULT,HOLISTIC ADULT,,,15 KGS.,POULRTY SUPPLY,DOG FOOD,DRY DOGFOOD,," 1,405.00 "," 1,600.00 ",,NATPET,, 2 ,
,HOLISTIC ADULT,HOLISTIC ADULT,,,KG.,POULRTY SUPPLY,DOG FOOD,DRY DOGFOOD,, 93.67 , 110.00 ,,NATPET,,,
,HOLISTIC PUPPY,HOLISTIC PUPPY,,,15 KGS.,POULRTY SUPPLY,DOG FOOD,DRY DOGFOOD,," 1,505.00 "," 1,700.00 ",,NATPET,, 2 ,
,HOLISTIC PUPPY,HOLISTIC PUPPY,,,KG.,POULRTY SUPPLY,DOG FOOD,DRY DOGFOOD,, 100.33 , 120.00 ,,NATPET,, 4 ,
,INTEGRITY ADULT,INTEGRITY,,,22.7 KGS.,POULRTY SUPPLY,DOG FOOD,DRY DOGFOOD,," 1,120.00 "," 1,270.00 ",, 4AR ,,,
,INTEGRITY ADULT,INTEGRITY,,,KG.,POULRTY SUPPLY,DOG FOOD,DRY DOGFOOD,, 49.78 , 60.00 ,, 4AR ,,,
,INTEGRITY PUP,INTEGRITY PUP,,,22.7 KGS.,POULRTY SUPPLY,DOG FOOD,DRY DOGFOOD,," 1,210.00 "," 1,380.00 ",, 4AR ,, 2 ,
,INTEGRITY PUP,INTEGRITY PUP,,,KG.,POULRTY SUPPLY,DOG FOOD,DRY DOGFOOD,, 53.54 , 65.00 ,, 4AR ,, 1 ,
,OBM,OPTIMA BEEF MEAL,,,22.6 KGS.,POULRTY SUPPLY,DOG FOOD,DRY DOGFOOD,," 1,075.00 "," 1,200.00 ",,NATPET,, 2 ,
,OBM,OPTIMA BEEF MEAL,,,KG.,POULRTY SUPPLY,DOG FOOD,DRY DOGFOOD,, 47.57 , 57.00 ,,NATPET,, 17 ,
,OHP,OPTIMA HI PRO,,,22.6 KGS.,POULRTY SUPPLY,DOG FOOD,DRY DOGFOOD,," 1,275.00 "," 1,420.00 ",,NATPET,, 1 ,
,OHP,OPTIMA HI PRO,,,KG.,POULRTY SUPPLY,DOG FOOD,DRY DOGFOOD,, 56.42 , 68.00 ,,NATPET,,,
,OLR,OPTIMA L&R,,,22.6 KGS.,POULRTY SUPPLY,DOG FOOD,DRY DOGFOOD,," 1,455.00 "," 1,630.00 ",,NATPET,,,
,OLR,OPTIMA L&R,,,KG.,POULRTY SUPPLY,DOG FOOD,DRY DOGFOOD,, 64.38 , 80.00 ,,NATPET,,,
,PED ADULT,PEDIGREE,,,20 KGS,POULRTY SUPPLY,DOG FOOD,DRY DOGFOOD,," 1,648.30 "," 1,850.00 ",,SIMON,, 1 ,
,PED ADULT,PEDIGREE,,,KG.,POULRTY SUPPLY,DOG FOOD,DRY DOGFOOD,, 82.42 , 95.00 ,,SIMON,, 8 ,
,PEDIGEE LAMB,PEDIGEE LAMB,,,10 KGS.,POULRTY SUPPLY,DOG FOOD,DRY DOGFOOD,, 929.27 ," 1,020.00 ",,SIMON,, 1 ,
,PEDIGEE LAMB,PEDIGEE LAMB,,,KG.,POULRTY SUPPLY,DOG FOOD,DRY DOGFOOD,, 92.93 , 105.00 ,,SIMON,, 4 ,
,PED PUP,PED PUP,,,15 KGS,POULRTY SUPPLY,DOG FOOD,DRY DOGFOOD,," 1,725.70 "," 1,900.00 ",,SIMON,,,
,PED PUP,PED PUP,,,KG.,POULRTY SUPPLY,DOG FOOD,DRY DOGFOOD,, 115.05 , 130.00 ,,SIMON,,,
,PET ONE ADULT,PET ONE ADULT,,,18.1 KG.,POULRTY SUPPLY,DOG FOOD,DRY DOGFOOD,," 1,033.00 "," 1,120.00 ",,MAXIVETE,,,
,PET ONE ADULT,PET ONE ADULT,,,KG.,POULRTY SUPPLY,DOG FOOD,DRY DOGFOOD,, 57.07 , 65.00 ,,MAXIVETE,,,
,PET ONE PUP,PET ONE PUP,,,9.05KG,POULRTY SUPPLY,DOG FOOD,DRY DOGFOOD,, 733.00 , 795.00 ,,MAXIVETE,,,
,PET ONE PUP,PET ONE PUP,,,KG.,POULRTY SUPPLY,DOG FOOD,DRY DOGFOOD,, 81.44 , 90.00 ,,MAXIVETE,,,
,PETONE BEEF TERIYAKI,PETONE BEEF TERIYAKI,,,8 KGS.,POULRTY SUPPLY,DOG FOOD,DRY DOGFOOD,, 340.00 , 400.00 ,,MAXIVETE,,,
,PETONE BEEF TERIYAKI,PETONE BEEF TERIYAKI,,,KG.,POULRTY SUPPLY,DOG FOOD,DRY DOGFOOD,, 42.50 , 55.00 ,,MAXIVETE,,,
,VHE,VITALITY HI ENERGY,,,15 KGS.,POULRTY SUPPLY,DOG FOOD,DRY DOGFOOD,," 1,600.00 "," 1,750.00 ",,CONSUMER CARE,,,
,CHE,VITALITY HI ENERGY,,,KG.,POULRTY SUPPLY,DOG FOOD,DRY DOGFOOD,, 106.67 , 123.00 ,,CONSUMER CARE,, 1 ,
,VVM,VITALITY VALUE MEAL,,,20 KGS.,POULRTY SUPPLY,DOG FOOD,DRY DOGFOOD,," 1,200.00 "," 1,350.00 ",,CONSUMER CARE,,,
,VVM,VITALITY VALUE MEAL,,,KG.,POULRTY SUPPLY,DOG FOOD,DRY DOGFOOD,, 60.00 , 70.00 ,,CONSUMER CARE,, 17 ,
,VCL,VITALITY CLASSIC,,,15 KGS.,POULRTY SUPPLY,DOG FOOD,DRY DOGFOOD,," 1,400.00 "," 1,550.00 ",,CONSUMER CARE,,,
,VCL,VITALITY CLASSIC,,,KG.,POULRTY SUPPLY,DOG FOOD,DRY DOGFOOD,, 93.33 , 108.00 ,,CONSUMER CARE,,,
,VHE,VITALITY HI ENERGY,,,15 KG.,POULRTY SUPPLY,DOG FOOD,DRY DOGFOOD,," 1,800.00 "," 2,145.00 ",,CONSUMER CARE,,,
,CHE,VITALITY HI ENERGY,,,SACHET,POULRTY SUPPLY,DOG FOOD,DRY DOGFOOD,, 120.00 , 145.00 ,,CONSUMER CARE,, 4 ,
,VVM,VITALITY VALUE MEAL,,,15 KG.,POULRTY SUPPLY,DOG FOOD,DRY DOGFOOD,," 1,160.00 "," 1,300.00 ",,CONSUMER CARE,,,
,VVM,VITALITY VALUE MEAL,,,SACHET,POULRTY SUPPLY,DOG FOOD,DRY DOGFOOD,, 77.33 , 90.00 ,,CONSUMER CARE,,,
,VCL,VITALITY CLASSIC,,,15 KG.,POULRTY SUPPLY,DOG FOOD,DRY DOGFOOD,," 1,620.00 "," 1,870.00 ",,CONSUMER CARE,,,
,VCL,VITALITY CLASSIC,,,SACHET,POULRTY SUPPLY,DOG FOOD,DRY DOGFOOD,, 108.00 , 125.00 ,,CONSUMER CARE,, 3 ,
,VHE,VITALITY HI ENERGY,,,4 X 3KGS,POULRTY SUPPLY,DOG FOOD,DRY DOGFOOD,," 1,360.00 ",,,CONSUMER CARE,,,
,CHE,VITALITY HI ENERGY,,,3KGS,POULRTY SUPPLY,DOG FOOD,DRY DOGFOOD,, 340.00 , 405.00 ,,CONSUMER CARE,, 4 ,
,VVM,VITALITY VALUE MEAL,,,4 X 3KGS,POULRTY SUPPLY,DOG FOOD,DRY DOGFOOD,, 824.00 ,,,CONSUMER CARE,,,
,VVM,VITALITY VALUE MEAL,,,3KGS,POULRTY SUPPLY,DOG FOOD,DRY DOGFOOD,, 206.00 , 240.00 ,,CONSUMER CARE,,,
,VCL,VITALITY CLASSIC,,,4 X 3KGS,POULRTY SUPPLY,DOG FOOD,DRY DOGFOOD,," 1,160.00 ",,,CONSUMER CARE,,,
,VCL,VITALITY CLASSIC,,,3KGS,POULRTY SUPPLY,DOG FOOD,DRY DOGFOOD,, 290.00 , 335.00 ,,CONSUMER CARE,, 1 ,
,CHAPPI,CHAPPI,,,20KGS,POULRTY SUPPLY,DOG FOOD,DRY DOGFOOD,," 1,105.00 "," 1,205.00 ",,SIMON,,,
,CHAPPI,CHAPPI,,,KG.,POULRTY SUPPLY,DOG FOOD,DRY DOGFOOD,, 55.25 , 65.00 ,,SIMON,,,
,FRISKIES,FRISKIES,,,7 KGS.,POULRTY SUPPLY,DOG FOOD,DRY CAT FOOD,," 1,012.58 "," 1,115.00 ",,LEROI,, 3 ,
,FRISKIES,FRISKIES,,,KG.,POULRTY SUPPLY,DOG FOOD,DRY CAT FOOD,, 144.65 , 165.00 ,,LEROI,, 3 ,
,IAMS,IAMS,,,15 KGS.,POULRTY SUPPLY,DOG FOOD,DRY CAT FOOD,," 2,459.00 "," 2,800.00 ",,PLU,, 3 ,
,IAMS,IAMS,,,KG.,POULRTY SUPPLY,DOG FOOD,DRY CAT FOOD,, 163.93 , 190.00 ,,PLU,, 5 ,
,PRINCESS,PRINCESS,,,22.6 KGS.,POULRTY SUPPLY,DOG FOOD,DRY CAT FOOD,," 1,730.00 "," 1,870.00 ",,NATPET,, 9 ,
,PRINCESS,PRINCESS,,,KG.,POULRTY SUPPLY,DOG FOOD,DRY CAT FOOD,, 76.55 , 90.00 ,,NATPET,, 13 ,
,WHISCKAS,WHISCKAS,,,7 KGS.,POULRTY SUPPLY,DOG FOOD,DRY CAT FOOD,, 875.00 , 960.00 ,,SIMON,, 3 ,
,WHISCKAS,WHISCKAS,,,KG.,POULRTY SUPPLY,DOG FOOD,DRY CAT FOOD,, 125.00 , 140.00 ,,SIMON,, 2 ,
,KITEKAT,KITEKAT,,,7KGS.,POULRTY SUPPLY,DOG FOOD,DRY CAT FOOD,, 684.25 , 755.00 ,,SIMON,,,
,KITEKAT,KITEKAT,,,KG.,POULRTY SUPPLY,DOG FOOD,DRY CAT FOOD,, 97.75 , 120.00 ,,SIMON,,,
,CV CAT,CV CAT,,,9 KGS,POULRTY SUPPLY,DOG FOOD,DRY CAT FOOD,, 720.00 , 780.00 ,,GOODSEASON,, 1 ,
,CV CAT,CV CAT,,,KG.,POULRTY SUPPLY,DOG FOOD,DRY CAT FOOD,, 80.00 , 90.00 ,,GOODSEASON,, 3 ,
,VITALITY CATCARE,VITALITY CATCARE,,,20KGS.,POULRTY SUPPLY,DOG FOOD,DRY CAT FOOD,," 2,350.00 "," 2,540.00 ",,CONSUMER CARE,,,
,VITALITY CATCARE,VITALITY CATCARE,,,KGS.,POULRTY SUPPLY,DOG FOOD,DRY CAT FOOD,, 117.50 , 130.00 ,,CONSUMER CARE,,,
,CORD ULO,CORD ULO,,,PIECE,POULRTY SUPPLY,FIGHTING COCK ACCESSORIES,CORD,, 7.00 , 12.00 ,,DOMENG,, 64 ,
,CORD #8,CORD #8 PAYAT,,,PIECE,POULRTY SUPPLY,FIGHTING COCK ACCESSORIES,CORD,, 7.00 , 11.00 ,,DOMENG,, 45 ,
,CORD #12,CORD # 12 ZAM,,,PIECE,POULRTY SUPPLY,FIGHTING COCK ACCESSORIES,CORD,, 10.00 , 15.00 ,,DOMENG,, 32 ,
,CORD #15,CORD # 15 LEATHER,,,PIECE,POULRTY SUPPLY,FIGHTING COCK ACCESSORIES,CORD,, 11.00 , 16.00 ,,DOMENG,, 47 ,
,CORD #16,CORD # 16 NYLON,,,PIECE,POULRTY SUPPLY,FIGHTING COCK ACCESSORIES,CORD,, 11.00 , 18.00 ,,DOMENG,, 15 ,
,CORD #18,CORD # 18 COBRA,,,PIECE,POULRTY SUPPLY,FIGHTING COCK ACCESSORIES,CORD,, 11.00 , 19.00 ,,DOMENG,, 26 ,
,CORD #20,CORD # 20 SAGUPAAN,,,PIECE,POULRTY SUPPLY,FIGHTING COCK ACCESSORIES,CORD,, 11.00 , 20.00 ,,DOMENG,, 36 ,
,CORD #22,CORD # 22 LONG STRAP,,,PIECE,POULRTY SUPPLY,FIGHTING COCK ACCESSORIES,CORD,, 11.00 , 23.00 ,,DOMENG,, 18 ,
,CORD NYLON,CORD NYLON,,,METER,POULRTY SUPPLY,FIGHTING COCK ACCESSORIES,CORD,, 1.75 , 5.00 ,,DOMENG,,,
,PASO # 4,PASO # 4,,,PIECE,POULRTY SUPPLY,FIGHTING COCK ACCESSORIES,POT,, 2.00 , 5.00 ,,VARIOUS,, 108 ,
,PASO # 5,PASO # 5,,,PIECE,POULRTY SUPPLY,FIGHTING COCK ACCESSORIES,POT,, 3.00 , 6.00 ,,VARIOUS,, 161 ,
,PASO #6,PASO #6,,,PIECE,POULRTY SUPPLY,FIGHTING COCK ACCESSORIES,POT,, 3.75 , 7.00 ,,VARIOUS,,,
,PASO #15,PASO #15,,,PIECE,POULRTY SUPPLY,FIGHTING COCK ACCESSORIES,POT,, 13.00 , 18.00 ,,VARIOUS,, 18 ,
,RPOT SML,RUBBER POT SMALL,,,PIECE,POULRTY SUPPLY,FIGHTING COCK ACCESSORIES,POT,, 17.00 , 22.00 ,,CLDS,, 32 ,
,RPOT MED,RUBBER POT MED,,,PIECE,POULRTY SUPPLY,FIGHTING COCK ACCESSORIES,POT,, 18.00 , 25.00 ,,CLDS,, 12 ,
,RPOT LAR,RUBBER POT LARGE,,,PIECE,POULRTY SUPPLY,FIGHTING COCK ACCESSORIES,POT,, 23.00 , 30.00 ,,CLDS,, 9 ,
,FEEDER/AUTO 5KG,AUTO FEEDER 5KG,,,,POULRTY SUPPLY,FIGHTING COCK ACCESSORIES,FEEDER,, 105.00 , 130.00 ,,CLDS,, 9 ,
,FEEDER/AUTO 7KG,AUTO FEEDER 7KG,,,,POULRTY SUPPLY,FIGHTING COCK ACCESSORIES,FEEDER,, 110.00 , 140.00 ,,CLDS,, 4 ,
,FEEDER/AUTO 10KG,AUTO FEEDER 10KG,,,,POULRTY SUPPLY,FIGHTING COCK ACCESSORIES,FEEDER,, 135.00 , 170.00 ,,CLDS,, 5 ,
,"FEEDER 12""","FEEDER 12""",,,PIECE,POULRTY SUPPLY,FIGHTING COCK ACCESSORIES,FEEDER,, 24.00 , 30.00 ,,CLDS,, 15 ,
,"FEEDER 24""","FEEDER 24""",,,PIECE,POULRTY SUPPLY,FIGHTING COCK ACCESSORIES,FEEDER,, 33.00 , 42.00 ,,CLDS,,,
,FEEDER 36',FEEDER 36',,,,POULRTY SUPPLY,FIGHTING COCK ACCESSORIES,FEEDER,, 58.00 , 73.00 ,,CLDS,, 4 ,
,FEEDER CUP SML,FEEDER CUP SML,,,PIECE,POULRTY SUPPLY,FIGHTING COCK ACCESSORIES,FEEDER,, 10.00 , 13.00 ,,CLDS,, 12 ,
,FEEDER CUP MED,FEEDER CUP MED,,,PIECE,POULRTY SUPPLY,FIGHTING COCK ACCESSORIES,FEEDER,, 10.50 , 15.00 ,,CLDS,, 27 ,
,FEEDER CUP L,FEEDER CUP L,,,PIECE,POULRTY SUPPLY,FIGHTING COCK ACCESSORIES,FEEDER,, 11.00 , 18.00 ,,CLDS,, 16 ,
,FEEDER WITH WIRE GURAD,FEEDER WITH WIRE GURAD,,,PIECE,POULRTY SUPPLY,FIGHTING COCK ACCESSORIES,FEEDER,, 66.05 , 95.00 ,,CLDS,, 6 ,
,PAN FEEDER,PAN FEEDER,,,,POULRTY SUPPLY,FIGHTING COCK ACCESSORIES,FEEDER,, 68.00 , 90.00 ,,CLDS,,,
,FEEDER SHORT/SP,SP FEEDER SHORT,,,PIECE,POULRTY SUPPLY,FIGHTING COCK ACCESSORIES,FEEDER,, 71.48 , 88.00 ,,CLDS,, 2 ,
,FEEDER LONG/SP,SP FEEDER LONG,,,PIECE,POULRTY SUPPLY,FIGHTING COCK ACCESSORIES,FEEDER,, 105.23 , 130.00 ,,CLDS,, 1 ,
,WATERER 1/8,WATERER 1/8,,,PIECE,POULRTY SUPPLY,FIGHTING COCK ACCESSORIES,WATERER,, 18.00 , 25.00 ,,GENERIS,, 9 ,
,WATERER 1/4G,WATERER 1/4G,,,PIECE,POULRTY SUPPLY,FIGHTING COCK ACCESSORIES,WATERER,, 20.00 , 28.00 ,,GENERIS,, 9 ,
,WATERER 1/2G,WATERER 1/2G,,,PIECE,POULRTY SUPPLY,FIGHTING COCK ACCESSORIES,WATERER,, 23.00 , 30.00 ,,GENERIS,, 19 ,
,WATERER 3/4G,WATERER 3/4G,,,PIECE,POULRTY SUPPLY,FIGHTING COCK ACCESSORIES,WATERER,, 33.00 , 45.00 ,,GENERIS,, 6 ,
,WATERER 1G,WATERER 1G,,,PIECE,POULRTY SUPPLY,FIGHTING COCK ACCESSORIES,WATERER,, 31.00 , 40.00 ,,GENERIS,, 13 ,
,WATERER/SP 1L,WATERER/SP 1L,,,PIECE,POULRTY SUPPLY,FIGHTING COCK ACCESSORIES,WATERER,, 30.78 , 42.00 ,,GENERIS,, 7 ,
,WATERER/SP 1G,WATERER/SP 1G,,,PIECE,POULRTY SUPPLY,FIGHTING COCK ACCESSORIES,WATERER,, 87.36 , 110.00 ,,GENERIS,, 4 ,
,WATERER/SP 2G,WATERER/SP 2G,,,PIECE,POULRTY SUPPLY,FIGHTING COCK ACCESSORIES,WATERER,, 147.92 , 175.00 ,,GENERIS,, 7 ,
,WATER NOZZLE,WATER NOZZLE,,,,POULRTY SUPPLY,FIGHTING COCK ACCESSORIES,WATERER,, 125.00 , 165.00 ,,,, 6 ,
,BAYONG,BAYONG,,,PIECE,POULRTY SUPPLY,FIGHTING COCK ACCESSORIES,CARRIER,, 20.00 , 28.00 ,,VARIOUS,, 27 ,
,TCSK,TEXAS CARRIER SINGLE CARTON,,,PIECE,POULRTY SUPPLY,FIGHTING COCK ACCESSORIES,CARRIER,, 35.00 , 60.00 ,,VARIOUS,, 4 ,
,TCSP,TEXAS CARRIER SINGLE PLASTIC,,,PIECE,POULRTY SUPPLY,FIGHTING COCK ACCESSORIES,CARRIER,, 55.00 , 80.00 ,,VARIOUS,, 5 ,
,TCDK,TEXAS CARRIER DOUBLE CARTON,,,PIECE,POULRTY SUPPLY,FIGHTING COCK ACCESSORIES,CARRIER,, 50.00 , 80.00 ,,VARIOUS,, 1 ,
,TCDP,TEXAS CARRIER DOUBLE PLASTIC,,,PIECE,POULRTY SUPPLY,FIGHTING COCK ACCESSORIES,CARRIER,, 105.00 , 160.00 ,,VARIOUS,, 4 ,
,FLAT BOX DOUBLE,FLAT BOX DOUBLE,,,PIECE,POULRTY SUPPLY,FIGHTING COCK ACCESSORIES,CARRIER,, 55.00 , 80.00 ,,VARIOUS,,,
,TCDK COLLAPSIBLE,TCDK COLLAPSIBLE,,,PIECE,POULRTY SUPPLY,FIGHTING COCK ACCESSORIES,CARRIER,, 48.00 , 95.00 ,,VARIOUS,,,
,PIGEON BOX,PIGEON BOX,,,,POULRTY SUPPLY,FIGHTING COCK ACCESSORIES,CARRIER,, 35.00 , 55.00 ,,VARIOUS,, 5 ,
,PEN/BREEDING,BREEDING PEN,,,PIECE,POULRTY SUPPLY,FIGHTING COCK ACCESSORIES,PEN,, 431.00 , 550.00 ,,CLDS,, 1 ,
,PEN/CHICK,CHICK PEN,,,,POULRTY SUPPLY,FIGHTING COCK ACCESSORIES,PEN,, 509.00 , 650.00 ,,CLDS,, 2 ,
,PEN/FLYING,FLYING PEN,,,PIECE,POULRTY SUPPLY,FIGHTING COCK ACCESSORIES,PEN,," 1,375.00 "," 1,700.00 ",,CLDS,,,
,PEN/FOLDING LAMINATED,FOLDING PEN LAMINATED,,,,POULRTY SUPPLY,FIGHTING COCK ACCESSORIES,PEN,," 1,650.00 "," 2,070.00 ",,CLDS,,,
,PEN/FOLDING PLASTIC,FOLDING PEN PLASTIC,,,,POULRTY SUPPLY,FIGHTING COCK ACCESSORIES,PEN,," 1,025.00 "," 1,250.00 ",,CLDS,,,
,PEN/RUNNING,RUNNING PEN,,,PIECE,POULRTY SUPPLY,FIGHTING COCK ACCESSORIES,PEN,," 1,038.00 "," 1,300.00 ",,CLDS,,,
,PEN/SCRATCH XL,SCRATCHPEN XL,,,PIECE,POULRTY SUPPLY,FIGHTING COCK ACCESSORIES,PEN,, 179.00 , 210.00 ,,GA METALS,, 15 ,
,PEN/ SCRATCH SKY,SCRATCHPEN L BLUE,,,PIECE,POULRTY SUPPLY,FIGHTING COCK ACCESSORIES,PEN,, 335.00 , 400.00 ,,CLDS,, 2 ,
,PEN/SCRATCH DARK BLUE,SCRATCHPEN D BLUE,,,PIECE,POULRTY SUPPLY,FIGHTING COCK ACCESSORIES,PEN,, 397.00 , 475.00 ,,CLDS,, 2 ,
, PEN/ RS DUAL ,RS DUALPEN,,,PIECE,POULRTY SUPPLY,FIGHTING COCK ACCESSORIES,PEN,, 336.09 , 425.00 ,, APT ,, 3 ,
,GLOVES ORD,GLOVES ORD,,,PIECE,POULRTY SUPPLY,FIGHTING COCK ACCESSORIES,GLOVES,, 17.00 , 25.00 ,,DOMENG,, 7 ,
,GLOVES SEMI LEATHER,GLOVES SEMI LEATHER,,,PIECE,POULRTY SUPPLY,FIGHTING COCK ACCESSORIES,GLOVES,, 47.00 , 70.00 ,,CLDS,, 5 ,
,GLOVES LEATHER,GLOVES LEATHER,,,PIECE,POULRTY SUPPLY,FIGHTING COCK ACCESSORIES,GLOVES,, 50.00 , 80.00 ,,CLDS,,,
,GLOVES 85,GLOVES 85,,,PIECE,POULRTY SUPPLY,FIGHTING COCK ACCESSORIES,GLOVES,, 60.00 , 85.00 ,,CLDS,,,
,GLOVES PURE LEATHER,GLOVES PURE LEATHER,,,PIECE,POULRTY SUPPLY,FIGHTING COCK ACCESSORIES,GLOVES,, 85.00 , 110.00 ,,CLDS,,,
,GLOVES/RS BUDGET ,RS BUDGET GLOVES,,,PIECE,POULRTY SUPPLY,FIGHTING COCK ACCESSORIES,GLOVES,, 15.92 , 25.00 ,, APT ,,,
,GLOVES/RS SOFT,RS SOFT GLOVES,,,PIECE,POULRTY SUPPLY,FIGHTING COCK ACCESSORIES,GLOVES,, 30.95 , 50.00 ,, APT ,, 3 ,
,GLOVES/RS HARD,RS HARD GLOVES,,,PIECE,POULRTY SUPPLY,FIGHTING COCK ACCESSORIES,GLOVES,, 61.91 , 95.00 ,, APT ,, 1 ,
,SYRINGE/FG-EURO,FIBER GLASS EUROPLEX 10CC,,,10CC,POULRTY SUPPLY,FIGHTING COCK ACCESSORIES,SYRINGE,, 395.00 , 485.00 ,,CLDS,, 1 ,
,SYRINGE/FG-EURO,FIBER GLASS EUROPLEX 20CC,,,20CC,POULRTY SUPPLY,FIGHTING COCK ACCESSORIES,SYRINGE,, 425.00 , 520.00 ,,CLDS,,,
,SYRINGE-FG-MDV,FIBER GLASS MDV 10CC,,,10CC,POULRTY SUPPLY,FIGHTING COCK ACCESSORIES,SYRINGE,, 270.00 , 340.00 ,,CLDS,,,
,SYRINGE-FG-MDV,FIBER GLASS MDV 20CC,,,20CC,POULRTY SUPPLY,FIGHTING COCK ACCESSORIES,SYRINGE,, 290.00 , 365.00 ,,CLDS,,,
,HYPO NEEDLE,HYPO NEEDLE,,,PIECE,POULRTY SUPPLY,FIGHTING COCK ACCESSORIES,SYRINGE,, 12.00 , 17.00 ,,CLDS,, 18 ,
,HYPO NEEDLE 18X1,HYPO NEEDLE 18X1,,,18X1,POULRTY SUPPLY,FIGHTING COCK ACCESSORIES,SYRINGE,, 12.00 , 18.00 ,,CLDS,,,
,HYPO NEEDLE 22X 1/2,HYPO NEEDLE 22X 1/2,,,22X 1/2,POULRTY SUPPLY,FIGHTING COCK ACCESSORIES,SYRINGE,, 11.67 , 18.00 ,,CLDS,,,
,SYRINGE 1CC.,SYRINGE 1CC.,,,PIECE,POULRTY SUPPLY,FIGHTING COCK ACCESSORIES,SYRINGE,, 3.70 , 6.00 ,,CLDS,, 51 ,
,SYRINGE 3CC.,SYRINGE 3CC.,,,PIECE,POULRTY SUPPLY,FIGHTING COCK ACCESSORIES,SYRINGE,, 2.60 , 7.00 ,,CLDS,, 7 ,
,SYRINGE 5CC.,SYRINGE 5CC.,,,PIECE,POULRTY SUPPLY,FIGHTING COCK ACCESSORIES,SYRINGE,, 2.80 , 8.00 ,,CLDS,, 3 ,
,SYRINGE 10CC.,SYRINGE 10CC.,,,PIECE,POULRTY SUPPLY,FIGHTING COCK ACCESSORIES,SYRINGE,, 4.20 , 10.00 ,,CLDS,, 14 ,
,BAENA LEATHER,BAENA LEATHER,,,,POULRTY SUPPLY,FIGHTING COCK ACCESSORIES,OTHERS,, 17.00 , 25.00 ,,CLDS,, 3 ,
,BAENA PLASTIC,BAENA PLASTIC,,,,POULRTY SUPPLY,FIGHTING COCK ACCESSORIES,OTHERS,, 15.00 , 20.00 ,,CLDS,, 7 ,
,BAENA SPECIAL,BAENA SPECIAL,,,,POULRTY SUPPLY,FIGHTING COCK ACCESSORIES,OTHERS,, 27.00 , 40.00 ,,CLDS,, 5 ,
,BIDBID,BIDBID,,,PIECE,POULRTY SUPPLY,FIGHTING COCK ACCESSORIES,OTHERS,, 5.00 , 8.00 ,,CLDS,, 8 ,
,CUTTING NEEDLE,CUTTING NEEDLE,,,,POULRTY SUPPLY,FIGHTING COCK ACCESSORIES,OTHERS,, 19.00 , 25.00 ,,CLDS,,,
,LEG BAND,LEG BAND,,,,POULRTY SUPPLY,FIGHTING COCK ACCESSORIES,OTHERS,, 14.00 , 20.00 ,,CLDS,, 100 ,
,LEG BAND ORD,LEG BAND ORD,,,,POULRTY SUPPLY,FIGHTING COCK ACCESSORIES,OTHERS,, 2.75 , 5.00 ,,CLDS,,,
,PAGKIT,PAGKIT,,,,POULRTY SUPPLY,FIGHTING COCK ACCESSORIES,OTHERS,, 57.00 , 70.00 ,,CLDS,,,
,PLASTIC TAKIRA,PLASTIC TAKIRA,,,,POULRTY SUPPLY,FIGHTING COCK ACCESSORIES,OTHERS,, 48.00 , 65.00 ,,CLDS,,,
,SAPIN,SAPIN,,,PIECE,POULRTY SUPPLY,FIGHTING COCK ACCESSORIES,OTHERS,, 11.67 , 18.00 ,,CLDS,, 10 ,
,STRINGS STRAIGHT,STRINGS STRAIGHT,,,,POULRTY SUPPLY,FIGHTING COCK ACCESSORIES,OTHERS,, 12.50 , 20.00 ,,CLDS,,,
,SURGICAL BLADE,SURGICAL BLADE,,,,POULRTY SUPPLY,FIGHTING COCK ACCESSORIES,OTHERS,, 8.00 , 12.00 ,,CLDS,,,
,TIBAK QUEEN,TIBAK QUEEN,,,PIECE,POULRTY SUPPLY,FIGHTING COCK ACCESSORIES,OTHERS,, 10.00 , 18.00 ,,CLDS,, 15 ,
,WEIGHTS,WEIGHTS,,,PIECE,POULRTY SUPPLY,FIGHTING COCK ACCESSORIES,OTHERS,, 17.00 , 22.00 ,,CLDS,, 18 ,
,TEXAZ TRAINER,TEXAZ TRAINER,,,,POULRTY SUPPLY,FIGHTING COCK ACCESSORIES,OTHERS,, 150.00 , 200.00 ,,CLDS,,,
,WINGBAND ALUM W/I,WINGBAND ALUM W/I,,,,POULRTY SUPPLY,FIGHTING COCK ACCESSORIES,OTHERS,, 8.00 ,,,CLDS,,,
,WINGBAND BRASS W/I,WINGBAND BRASS W/I,,,,POULRTY SUPPLY,FIGHTING COCK ACCESSORIES,OTHERS,, 12.50 ,,,CLDS,,,
,RS TIBAK SHOE BONDAGE,RS TIBAK SHOE BONDAGE,,,PIECE,POULRTY SUPPLY,FIGHTING COCK ACCESSORIES,OTHERS,, 17.68 , 28.00 ,,CLDS,,,
,LEG BAND/PIGEON ,PIGEON LEG BAND ,,,,POULRTY SUPPLY,FIGHTING COCK ACCESSORIES,OTHERS,, 20.00 , 35.00 ,,CLDS,,,
,PLIERS,PLIERS,,,,POULRTY SUPPLY,FIGHTING COCK ACCESSORIES,OTHERS,, 310.00 , 390.00 ,,CLDS,,,
,TOE PUNCHER,TOE PUNCHER,,,,POULRTY SUPPLY,FIGHTING COCK ACCESSORIES,OTHERS,, 190.00 , 240.00 ,,CLDS,,,
,TARI SHARPENER 1K,TARI SHARPENER 1K,,,,POULRTY SUPPLY,FIGHTING COCK ACCESSORIES,OTHERS,, 250.00 , 315.00 ,,CLDS,, 1 ,
,TARI SHARPENER 2K,TARI SHARPENER 2K,,,,POULRTY SUPPLY,FIGHTING COCK ACCESSORIES,OTHERS,, 280.00 , 350.00 ,,CLDS,, 1 ,
,TARI TAPE,TARI TAPE,,,,POULRTY SUPPLY,FIGHTING COCK ACCESSORIES,OTHERS,, 18.00 , 22.00 ,,CLDS,, 2 ,
,PUGAD SMALL,PUGAD SMALL,,,,POULRTY SUPPLY,FIGHTING COCK ACCESSORIES,NEST,, 28.00 , 38.00 ,,CLDS,, 3 ,
,PUGAD BIG,PUGAD BIG,,,,POULRTY SUPPLY,FIGHTING COCK ACCESSORIES,NEST,, 28.00 , 48.00 ,,CLDS,, 15 ,
,PIGEON RING,PIGEON RING,,,,POULRTY SUPPLY,FIGHTING COCK ACCESSORIES,NEST,,,,,CLDS,,,
,RICE #26,RICE #26,,,,POULRTY SUPPLY,RICE,,,,,,AR MARISTELA,,,
,RICE #26,RICE #26,,,,POULRTY SUPPLY,RICE,,,, 26.00 ,,AR MARISTELA,,,
,RICE #29,RICE #29,,,50 KGS.,POULRTY SUPPLY,RICE,,," 1,250.00 ",,,AR MARISTELA,,,
,RICE #29,RICE #29,,,KG,POULRTY SUPPLY,RICE,,, 25.51 , 29.00 ,,AR MARISTELA,,,
,RICE #30,RICE #30,,,50 KGS.,POULRTY SUPPLY,RICE,,," 1,320.00 ",,,AR MARISTELA,,,
,RICE #30,RICE #30,,,KG,POULRTY SUPPLY,RICE,,, 26.94 , 30.00 ,,AR MARISTELA,,,
,RICE #31,RICE #31,,,50 KGS.,POULRTY SUPPLY,RICE,,," 1,380.00 ",,,AR MARISTELA,,,
,RICE #31,RICE #31,,,KG,POULRTY SUPPLY,RICE,,, 28.16 , 31.00 ,,AR MARISTELA,,,
,RICE #32,RICE #32,,,50 KGS.,POULRTY SUPPLY,RICE,,," 1,420.00 ",,,AR MARISTELA,,,
,RICE #32,RICE #32,,,KG,POULRTY SUPPLY,RICE,,, 28.98 , 32.00 ,,AR MARISTELA,,,
,RICE #33,RICE #33,,,50 KGS.,POULRTY SUPPLY,RICE,,," 1,470.00 ",,,AR MARISTELA,,,
,RICE #33,RICE #33,,,KG,POULRTY SUPPLY,RICE,,, 30.00 , 33.00 ,,AR MARISTELA,,,
,RICE #34,RICE #34,,,50 KGS.,POULRTY SUPPLY,RICE,,," 1,520.00 ",,,AR MARISTELA,,,
,RICE #34,RICE #34,,,KG,POULRTY SUPPLY,RICE,,, 31.02 , 34.00 ,,AR MARISTELA,,,
,RICE #35,RICE #35,,,50 KGS.,POULRTY SUPPLY,RICE,,," 1,570.00 ",,,AR MARISTELA,,,
,RICE #35,RICE #35,,,KG,POULRTY SUPPLY,RICE,,, 32.04 , 35.00 ,,AR MARISTELA,,,
,RICE #36,RICE #36,,,50 KGS.,POULRTY SUPPLY,RICE,,," 1,550.00 ",,,AR MARISTELA,,,
,RICE #36,RICE #36,,,KG,POULRTY SUPPLY,RICE,,, 31.63 , 36.00 ,,AR MARISTELA,,,
,RICE #37,RICE #37,,,50 KGS.,POULRTY SUPPLY,RICE,,," 1,700.00 ",,,AR MARISTELA,,,
,RICE #37,RICE #37,,,KG,POULRTY SUPPLY,RICE,,, 34.69 , 37.00 ,,AR MARISTELA,,,
,RICE #38,RICE #38,,,50 KGS.,POULRTY SUPPLY,RICE,,," 1,670.00 ",,,AR MARISTELA,,,
,RICE #38,RICE #38,,,KG,POULRTY SUPPLY,RICE,,, 34.08 , 38.00 ,,AR MARISTELA,,,
,RICE #39,RICE #39,,,50 KGS.,POULRTY SUPPLY,RICE,,," 1,690.00 ",,,AR MARISTELA,,,
,RICE #39,RICE #39,,,KG,POULRTY SUPPLY,RICE,,, 34.49 ,,,AR MARISTELA,,,
,RICE #40,RICE #40,,,25 KGS.,POULRTY SUPPLY,RICE,,, 855.00 ,,,AR MARISTELA,,,
,RICE #40,RICE #40,,,KGS.,POULRTY SUPPLY,RICE,,, 34.90 , 40.00 ,,AR MARISTELA,,,
,RICE #42,RICE #42,,,,POULRTY SUPPLY,RICE,,, 900.00 ,,,AR MARISTELA,,,
,RICE #42,RICE #42,,,,POULRTY SUPPLY,RICE,,, 36.73 , 42.00 ,,AR MARISTELA,,,
,RICE #43,RICE #43,,,25 KGS.,POULRTY SUPPLY,RICE,,, 950.00 ,,,AR MARISTELA,,,
,RICE #43,RICE #43,,,KGS.,POULRTY SUPPLY,RICE,,, 38.78 , 43.00 ,,AR MARISTELA,,,
,RICE JASMINE,RICE JASMINE,,,,POULRTY SUPPLY,RICE,,," 1,280.00 ",,,AR MARISTELA,,,
,RICE JASMINE,RICE JASMINE,,,,POULRTY SUPPLY,RICE,,, 52.24 , 58.00 ,,AR MARISTELA,,,
,RICE DND,RICE DND,,,25 KGS.,POULRTY SUPPLY,RICE,,, 910.00 ,,,AR MARISTELA,,,
,RICE DND,RICE DND,,,KG.,POULRTY SUPPLY,RICE,,, 37.14 , 44.00 ,,AR MARISTELA,,,
,RICE MALAGKIT,RICE MALAGKIT,,,50 KGS.,POULRTY SUPPLY,RICE,,," 1,800.00 ",,,AR MARISTELA,,,
,RICE MALAGKIT,RICE MALAGKIT,,,KG,POULRTY SUPPLY,RICE,,, 36.73 , 40.00 ,,AR MARISTELA,,,
,RICE SUNGSONG,RICE SUNGSONG,,,50 KGS.,POULRTY SUPPLY,RICE,,," 2,650.00 ",,,AR MARISTELA,,,
,RICE SUNGSONG,RICE SUNGSONG,,,KG.,POULRTY SUPPLY,RICE,,, 54.08 , 60.00 ,,AR MARISTELA,,,
,COMPLETE,COMPLETE,,,50 KGS.,POULRTY SUPPLY,FERTILIZERS AND CHEMICALS,FERTILIZER,," 1,260.00 "," 1,360.00 ",,NOCEJA,, 3 ,
,COMPLETE,COMPLETE,,,KG.,POULRTY SUPPLY,FERTILIZERS AND CHEMICALS,FERTILIZER,, 25.20 , 29.00 ,,NOCEJA,, 51 ,
,UREA,UREA,,,50 KGS.,POULRTY SUPPLY,FERTILIZERS AND CHEMICALS,FERTILIZER,," 1,190.00 "," 1,290.00 ",,AGRICONS,, 4 ,
,UREA,UREA,,,KG.,POULRTY SUPPLY,FERTILIZERS AND CHEMICALS,FERTILIZER,, 23.80 , 27.50 ,,AGRICONS,, 5 ,
,CREOLINA,CREOLINA,,,60 ML.,POULRTY SUPPLY,FERTILIZERS AND CHEMICALS,CHEMICALS,, 11.46 , 18.00 ,,PARL,, 14 ,
,CREOLINA,CREOLINA,,,120 ML.,POULRTY SUPPLY,FERTILIZERS AND CHEMICALS,CHEMICALS,, 17.70 , 27.00 ,,PARL,, 7 ,
,CREOLINA,CREOLINA,,,250 ML.,POULRTY SUPPLY,FERTILIZERS AND CHEMICALS,CHEMICALS,, 37.00 , 67.00 ,,PARL,, 8 ,
,CREOLINA,CREOLINA,,,500 ML.,POULRTY SUPPLY,FERTILIZERS AND CHEMICALS,CHEMICALS,, 68.85 , 120.00 ,,PARL,,,
,CREOLINA,CREOLINA,,,1L,POULRTY SUPPLY,FERTILIZERS AND CHEMICALS,CHEMICALS,, 117.90 , 215.00 ,,PARL,, 2 ,
,GENTIAN VIOLET,GENTIAN VIOLET,,,60 ML.,POULRTY SUPPLY,FERTILIZERS AND CHEMICALS,CHEMICALS,, 8.54 , 16.00 ,,PARL,, 6 ,
,GENTIAN VIOLET,GENTIAN VIOLET,,,100 ML.,POULRTY SUPPLY,FERTILIZERS AND CHEMICALS,CHEMICALS,, 12.70 , 25.00 ,,PARL,, 4 ,
,MALATHION,MALATHION,,,60 ML.,POULRTY SUPPLY,FERTILIZERS AND CHEMICALS,CHEMICALS,, 23.00 , 35.00 ,,JL,, 7 ,
,MALATHION,MALATHION,,,100 ML.,POULRTY SUPPLY,FERTILIZERS AND CHEMICALS,CHEMICALS,, 40.20 , 65.00 ,,JL,, 13 ,
,PINETAR,PINETAR,,,60 ML.,POULRTY SUPPLY,FERTILIZERS AND CHEMICALS,CHEMICALS,, 13.54 , 23.00 ,,PARL,, 7 ,
,PINETAR,PINETAR,,,120 ML.,POULRTY SUPPLY,FERTILIZERS AND CHEMICALS,CHEMICALS,, 20.88 , 36.00 ,,PARL,, 4 ,
,TINCTURE OF IODINE,TINCTURE OF IODINE,,,60 ML.,POULRTY SUPPLY,FERTILIZERS AND CHEMICALS,CHEMICALS,, 23.72 , 35.00 ,,PARL,, 7 ,
,TINCTURE OF IODINE,TINCTURE OF IODINE,,,120 ML.,POULRTY SUPPLY,FERTILIZERS AND CHEMICALS,CHEMICALS,, 43.16 , 60.00 ,,PARL,, 7 ,
,SEVIN,SEVIN,,,,POULRTY SUPPLY,FERTILIZERS AND CHEMICALS,CHEMICALS,, 55.00 , 75.00 ,,JL,, 6 ,
,ZINC PHOSPHIDE,ZINC PHOSPHIDE,,,,POULRTY SUPPLY,FERTILIZERS AND CHEMICALS,CHEMICALS,, 16.00 , 23.00 ,,JL,, 22 ,
,BRODAN,BRODAN,,,100ML,POULRTY SUPPLY,FERTILIZERS AND CHEMICALS,CHEMICALS,, 70.00 , 90.00 ,,JL,,,
,FURADAN,FURADAN,,,1KG,POULRTY SUPPLY,FERTILIZERS AND CHEMICALS,CHEMICALS,, 87.00 , 115.00 ,,JL,,,
,SELECTRON,SELECTRON,,,,POULRTY SUPPLY,FERTILIZERS AND CHEMICALS,CHEMICALS,,,,,JL,,,
,ASCEND,ASCEND,,,,POULRTY SUPPLY,FERTILIZERS AND CHEMICALS,CHEMICALS,,,,,JL,,,
,SEEDS/AMPALAYA,AMPALAYA,,,,POULRTY SUPPLY,FERTILIZERS AND CHEMICALS,SEEDS,, 31.50 , 50.00 ,,ALLIED BOTANICAL,, 4 ,
,SEEDSCALABASA,CALABASA,,,,POULRTY SUPPLY,FERTILIZERS AND CHEMICALS,SEEDS,, 21.00 , 35.00 ,,ALLIED BOTANICAL,, 2 ,
,SEEDSMUSTARD,MUSTARD,,,,POULRTY SUPPLY,FERTILIZERS AND CHEMICALS,SEEDS,, 21.00 , 35.00 ,,ALLIED BOTANICAL,, 3 ,
,SEEDS/OKRA,OKRA,,,,POULRTY SUPPLY,FERTILIZERS AND CHEMICALS,SEEDS,, 21.00 , 35.00 ,,ALLIED BOTANICAL,,,
,SEEDS/PATOLA,PATOLA,,,,POULRTY SUPPLY,FERTILIZERS AND CHEMICALS,SEEDS,, 21.00 , 35.00 ,,ALLIED BOTANICAL,, 1 ,
,SEEDS/PECHAY,PECHAY,,,,POULRTY SUPPLY,FERTILIZERS AND CHEMICALS,SEEDS,, 21.00 , 35.00 ,,ALLIED BOTANICAL,, 4 ,
,SEEDS/SITAO,SITAO,,,,POULRTY SUPPLY,FERTILIZERS AND CHEMICALS,SEEDS,, 21.00 , 35.00 ,,ALLIED BOTANICAL,, 2 ,
,SEEDS/UPO,UPO,,,,POULRTY SUPPLY,FERTILIZERS AND CHEMICALS,SEEDS,, 21.00 , 35.00 ,,ALLIED BOTANICAL,, 5 ,
,SEEDS/EGGPLANT,EGGPLANT,,,,POULRTY SUPPLY,FERTILIZERS AND CHEMICALS,SEEDS,, 31.50 , 50.00 ,,ALLIED BOTANICAL,, 12 ,
,SEEDS/TOMATO,TOMATO,,,,POULRTY SUPPLY,FERTILIZERS AND CHEMICALS,SEEDS,, 21.00 , 35.00 ,,ALLIED BOTANICAL,, 8 ,
,SEEDS/CUCUMBER,CUCUMBER,,,,POULRTY SUPPLY,FERTILIZERS AND CHEMICALS,SEEDS,, 31.50 , 50.00 ,,ALLIED BOTANICAL,, 4 ,
,SPRAYER,SPRAYER,,,,POULRTY SUPPLY,FIGHTING COCK ACCESSORIES,,, 35.00 , 55.00 ,,,, 4 ,
,CALFMANNA,CALFMANNA,,,50 LBS,POULRTY SUPPLY,FIGHTING COCK SPECIALTIES,,," 1,286.50 "," 1,520.00 ",,CLDS,,,
,CALFMANNA,CALFMANNA,,,KG.,POULRTY SUPPLY,FIGHTING COCK SPECIALTIES,,, 56.92 , 70.00 ,,CLDS,, 1 ,
,HOLDING RATION,HOLDING RATION,,,50  LBS,POULRTY SUPPLY,FIGHTING COCK SPECIALTIES,,," 1,043.00 ",,,CLDS,,,
,HOLDING RATION,HOLDING RATION,,,KG,POULRTY SUPPLY,FIGHTING COCK SPECIALTIES,,, 46.36 , 55.00 ,,CLDS,, 22 ,
,DEXTROVET,DEXTROVET,,,300 GMS,POULRTY SUPPLY,FIGHTING COCK SPECIALTIES,,, 39.00 , 55.00 ,,ARVET,, 9 ,
,DEXTROVET,DEXTROVET,,,100 GMS,POULRTY SUPPLY,FIGHTING COCK SPECIALTIES,,, 14.00 , 22.00 ,,ARVET,, 5 ,
,WHITE OATS,WHITE OATS,,,500 GMS,POULRTY SUPPLY,FIGHTING COCK SPECIALTIES,,, 54.25 , 60.00 ,,CLDS,, 7 ,
,SKIM MILK,SKIM MILK,,,KG. ,POULRTY SUPPLY,FIGHTING COCK SPECIALTIES,,, 40.80 , 120.00 ,,FARMLAND,, 1 ,
,SKIM MILK,SKIM MILK,,,1/4 KG.,POULRTY SUPPLY,FIGHTING COCK SPECIALTIES,,, 10.20 , 30.00 ,,FARMLAND,,,
,WHEAT GERM,WHEAT GERM,,,300 GMS.,POULRTY SUPPLY,FIGHTING COCK SPECIALTIES,,, 42.00 , 60.00 ,,ARVET,,,
,WHEAT GERM SMALL,WHEAT GERM SMALL,,,100 GMS.,POULRTY SUPPLY,FIGHTING COCK SPECIALTIES,,, 19.00 , 24.00 ,,ARVET,, 5 ,
,ROOSTER MILK,ROOSTER MILK,,,,POULRTY SUPPLY,FIGHTING COCK SPECIALTIES,,, 45.15 , 58.00 ,,APT,,,
,AMOBAC,AMOBAC,,,7GMS.,POULRTY SUPPLY,VET PRODUCTS,LAKPUE,, 17.86 , 25.00 ,,LDI,, 76 ,
,ANDROBOL,ANDROBOL,,,TABLET,POULRTY SUPPLY,VET PRODUCTS,LAKPUE,, 12.86 , 18.00 ,,LDI,,,
,B-12-LDI,B-12,,,CAPLET,POULRTY SUPPLY,VET PRODUCTS,LAKPUE,, 2.86 , 3.50 ,,LDI,, 598 ,
,BEE POLLEN,BEE POLLEN,,,TABLET,POULRTY SUPPLY,VET PRODUCTS,LAKPUE,, 3.57 , 5.00 ,,LDI,, 271 ,
,BIOCALCIUM,BIOCALCIUM,,,CAPLET,POULRTY SUPPLY,VET PRODUCTS,LAKPUE,, 2.50 , 3.50 ,,LDI,, 403 ,
,CYDROXO,CYDROXO,,,10 ML.,POULRTY SUPPLY,VET PRODUCTS,LAKPUE,, 135.71 , 190.00 ,,LDI,, 4 ,
,CIPROTYL,CIPROTYL,,,50'S,POULRTY SUPPLY,VET PRODUCTS,LAKPUE,, 500.00 ,,,LDI,,,
,CIPROTYL,CIPROTYL,,,TABS,POULRTY SUPPLY,VET PRODUCTS,LAKPUE,, 10.71 , 15.00 ,,LDI,, 86 ,
,CIPROTYL,CIPROTYL,,,7 GMS.,POULRTY SUPPLY,VET PRODUCTS,LAKPUE,, 20.00 , 28.00 ,,LDI,, 88 ,
,DOXYLAK,DOXYLAK,,,TABLET,POULRTY SUPPLY,VET PRODUCTS,LAKPUE,, 5.71 , 8.00 ,,LDI,, 294 ,
,DOXYLAK,DOXYLAK,,,7 GMS.,POULRTY SUPPLY,VET PRODUCTS,LAKPUE,, 14.29 , 20.00 ,,LDI,, 36 ,
,LAKTAMINO DROPS,LAKTAMINO DROPS,,,30 ML.,POULRTY SUPPLY,VET PRODUCTS,LAKPUE,, 50.00 , 70.00 ,,LDI,, 17 ,
,LAKTAMINO DROPS,LAKTAMINO DROPS,,,1L,POULRTY SUPPLY,VET PRODUCTS,LAKPUE,, 642.86 , 900.00 ,,LDI,, 1 ,
,LEVIMIN GK,LEVIMIN GK,,,7 GMS.,POULRTY SUPPLY,VET PRODUCTS,LAKPUE,, 14.29 , 20.00 ,,LDI,, 10 ,
,LEVIMIN GK,LEVIMIN GK,,,100 GMS.,POULRTY SUPPLY,VET PRODUCTS,LAKPUE,, 114.29 , 160.00 ,,LDI,, 4 ,
,MEEB,MEEB,,,10 ML.,POULRTY SUPPLY,VET PRODUCTS,LAKPUE,, 178.57 , 250.00 ,,LDI,, 3 ,
,MULTI-LYTE,MULTI-LYTE,,,22GMS,POULRTY SUPPLY,VET PRODUCTS,LAKPUE,, 14.29 , 20.00 ,,LDI,, 36 ,
,MULTI-LYTE,MULTI-LYTE,,,1 KG.,POULRTY SUPPLY,VET PRODUCTS,LAKPUE,, 335.71 , 470.00 ,,LDI,, 1 ,
,PROXIGEN,PROXIGEN,,,CAPSULE,POULRTY SUPPLY,VET PRODUCTS,LAKPUE,, 9.29 , 13.00 ,,LDI,, 187 ,
,PYRISTAT,PYRISTAT,,,TABS,POULRTY SUPPLY,VET PRODUCTS,LAKPUE,, 6.43 , 9.00 ,,LDI,, 110 ,
,PYRISTAT,PYRISTAT,,,7 GMS.,POULRTY SUPPLY,VET PRODUCTS,LAKPUE,, 12.14 , 17.00 ,,LDI,, 121 ,
,PYRISTAT,PYRISTAT,,,60 ML.,POULRTY SUPPLY,VET PRODUCTS,LAKPUE,, 128.57 , 180.00 ,,LDI,, 2 ,
,RED GEL,RED GEL,,,CAPSULE,POULRTY SUPPLY,VET PRODUCTS,LAKPUE,, 17.86 , 25.00 ,,LDI,, 135 ,
,SLAZBOLAK,SLAZBOLAK,,,,POULRTY SUPPLY,VET PRODUCTS,LAKPUE,, 257.14 , 360.00 ,,LDI,, 2 ,
,TAPE TERMINATOR,TAPE TERMINATOR,,,10ML.,POULRTY SUPPLY,VET PRODUCTS,LAKPUE,, 21.43 , 30.00 ,,LDI,, 9 ,
,TAPE TERMINATOR,TAPE TERMINATOR,,,1L,POULRTY SUPPLY,VET PRODUCTS,LAKPUE,, 964.29 ," 1,350.00 ",,LDI,,,
,THIABEX XS,THIABEX XS,,,10ML,POULRTY SUPPLY,VET PRODUCTS,LAKPUE,, 100.00 , 140.00 ,,LDI,, 5 ,
,THIABEX XS,THIABEX XS,,,20ML,POULRTY SUPPLY,VET PRODUCTS,LAKPUE,, 132.14 , 185.00 ,,LDI,, 4 ,
,THIABEX XS,THIABEX XS,,,100ML,POULRTY SUPPLY,VET PRODUCTS,LAKPUE,, 428.57 , 600.00 ,,LDI,, 2 ,
,TRISULAK ,TRISULAK ,,,CAPLET,POULRTY SUPPLY,VET PRODUCTS,LAKPUE,, 5.71 , 8.00 ,,LDI,, 377 ,
,TRISULAK ,TRISULAK ,,,7 GMS,POULRTY SUPPLY,VET PRODUCTS,LAKPUE,, 10.71 , 15.00 ,,LDI,, 79 ,
,TRISULAK ,TRISULAK ,,,10ML,POULRTY SUPPLY,VET PRODUCTS,LAKPUE,, 110.71 , 155.00 ,,LDI,, 2 ,
,VERMEX ECO,VERMEX ECO,,,,POULRTY SUPPLY,VET PRODUCTS,LAKPUE,, 8.57 , 12.00 ,,LDI,, 48 ,
,VERMEX-2,VERMEX-2,,,CAPLET,POULRTY SUPPLY,VET PRODUCTS,LAKPUE,, 2.86 , 5.00 ,,LDI,, 310 ,
,VERMEX FORTE,VERMEX FORTE,,,CAPS,POULRTY SUPPLY,VET PRODUCTS,LAKPUE,, 4.29 , 6.00 ,,LDI,, 208 ,
,VIMINOLAK,VIMINOLAK,,,CAPLET,POULRTY SUPPLY,VET PRODUCTS,LAKPUE,, 4.29 , 6.00 ,,LDI,, 301 ,
,VIMINOLAK IRON CELL,VIMINOLAK IRON CELL,,,30 ML.,POULRTY SUPPLY,VET PRODUCTS,LAKPUE,, 67.86 , 95.00 ,,LDI,, 12 ,
,VIMINOLAK IRON CELL,VIMINOLAK IRON CELL,,,1L,POULRTY SUPPLY,VET PRODUCTS,LAKPUE,, 678.57 , 950.00 ,,LDI,,,
,WASHOUT,WASHOUT,,,10 ML.,POULRTY SUPPLY,VET PRODUCTS,LAKPUE,, 10.00 , 13.00 ,,LDI,, 234 ,
,MUSCLE POWER KEEP,MUSCLE POWER KEEP,,,,POULRTY SUPPLY,VET PRODUCTS,LAKPUE,, 32.14 , 45.00 ,,LDI,,,
,CUTTING POWER KEEP,CUTTING POWER KEEP,,,,POULRTY SUPPLY,VET PRODUCTS,LAKPUE,, 32.14 , 45.00 ,,LDI,,,
,MILKOLAK,MILKOLAK,,,100GMS,POULRTY SUPPLY,VET PRODUCTS,LAKPUE,, 60.71 , 85.00 ,,LDI,,,
,LINCOGEN,LINCOGEN,,,10ML,POULRTY SUPPLY,VET PRODUCTS,LAKPUE,, 121.43 , 170.00 ,,LDI,,,
,GENMOX,GENMOX,,,10ML,POULRTY SUPPLY,VET PRODUCTS,LAKPUE,, 164.29 , 230.00 ,,LDI,,,
,KABEZEN,KABEZEN,,,1L,POULRTY SUPPLY,VET PRODUCTS,LAKPUE,, 785.71 ," 1,100.00 ",,LDI,,,
,ENROFLOXACIN,ENROFLOXACIN,,,10ML,POULRTY SUPPLY,VET PRODUCTS,LAKPUE,, 85.71 , 120.00 ,,LDI,, 1 ,
,APARLYTE,APARLYTE,,,6 GMS.,POULRTY SUPPLY,VET PRODUCTS,UNIVET,, 16.54 , 21.00 ,,UNAHCO,, 24 ,
,APARLYTE,APARLYTE,,,24 GMS.,POULRTY SUPPLY,VET PRODUCTS,UNIVET,, 58.80 , 72.00 ,,UNAHCO,, 4 ,
,BACTERID,BACTERID,,,10ML,POULRTY SUPPLY,VET PRODUCTS,UNIVET,, 119.07 , 170.00 ,,UNAHCO,, 3 ,
,BAXIDIL,BAXIDIL,,,CAPLET,POULRTY SUPPLY,VET PRODUCTS,UNIVET,, 5.29 , 8.00 ,,UNAHCO,, 66 ,
,BAXIDIL,BAXIDIL,,,7 GMS.,POULRTY SUPPLY,VET PRODUCTS,UNIVET,, 11.46 , 13.50 ,,UNAHCO,, 33 ,
,BAXIDIL,BAXIDIL,,,30 GMS.,POULRTY SUPPLY,VET PRODUCTS,UNIVET,, 38.13 , 45.00 ,,UNAHCO,, 14 ,
,BAXIDIL,BAXIDIL,,,1 KG.,POULRTY SUPPLY,VET PRODUCTS,UNIVET,, 594.05 , 707.00 ,,UNAHCO,,,
,BAXIDIL SE,BAXIDIL SE,,,6 GMS.,POULRTY SUPPLY,VET PRODUCTS,UNIVET,, 12.86 , 15.50 ,,UNAHCO,, 15 ,
,BAXIDIL SE,BAXIDIL SE,,,30 GMS.,POULRTY SUPPLY,VET PRODUCTS,UNIVET,, 40.42 , 50.00 ,,UNAHCO,, 17 ,
,BAXIDIL SE ,BAXIDIL SE ,,,1KG,POULRTY SUPPLY,VET PRODUCTS,UNIVET,, 740.88 , 890.00 ,,UNAHCO,,,
,BEXAN XP,BEXAN XP,,,10 ML.,POULRTY SUPPLY,VET PRODUCTS,UNIVET,, 128.42 , 160.00 ,,UNAHCO,, 4 ,
,BEXAN XP,BEXAN XP,,,20 ML.,POULRTY SUPPLY,VET PRODUCTS,UNIVET,, 203.74 , 235.00 ,,UNAHCO,, 1 ,
,BEXAN XP ,BEXAN XP ,,,100ML,POULRTY SUPPLY,VET PRODUCTS,UNIVET,, 694.92 , 810.00 ,,UNAHCO,,,
,ELECTOGEN,ELECTOGEN,,,6 GMS.,POULRTY SUPPLY,VET PRODUCTS,UNIVET,, 6.63 , 8.50 ,,UNAHCO,, 23 ,
,ELECTOGEN,ELECTOGEN,,,20 GMS.,POULRTY SUPPLY,VET PRODUCTS,UNIVET,, 11.54 , 15.00 ,,UNAHCO,, 26 ,
,ELECTOGEN,ELECTOGEN,,,1 KG,POULRTY SUPPLY,VET PRODUCTS,UNIVET,, 573.29 , 685.00 ,,UNAHCO,,,
,GANADOR MAX,GANADOR MAX,,,,POULRTY SUPPLY,VET PRODUCTS,UNIVET,, 5.73 , 8.00 ,,UNAHCO,, 63 ,
,JECTRAN/CL,JECTRAN/CL,,,10 ML.,POULRTY SUPPLY,VET PRODUCTS,UNIVET,, 108.45 , 130.00 ,,UNAHCO,,,
,JECTRAN/CL,JECTRAN/CL,,,20 ML.,POULRTY SUPPLY,VET PRODUCTS,UNIVET,, 162.28 , 195.00 ,,UNAHCO,,,
,JECTRAN/PR,JECTRAN/PR,,,10 ML.,POULRTY SUPPLY,VET PRODUCTS,UNIVET,, 163.17 , 200.00 ,,UNAHCO,, 1 ,
,JECTRAN/PR,JECTRAN/PR,,,20 ML.,POULRTY SUPPLY,VET PRODUCTS,UNIVET,, 233.73 , 285.00 ,,UNAHCO,,,
,JECTRAN/PR,JECTRAN/PR,,,100 ML.,POULRTY SUPPLY,VET PRODUCTS,UNIVET,, 432.18 , 530.00 ,,UNAHCO,, 1 ,
,LATIGO 50 MGS.,LATIGO 50 MGS.,,,PIECE,POULRTY SUPPLY,VET PRODUCTS,UNIVET,, 7.13 , 9.75 ,,UNAHCO,, 2 ,
,LATIGO 500 MGS.,LATIGO 500 MGS.,,,CAPLET,POULRTY SUPPLY,VET PRODUCTS,UNIVET,, 24.25 , 31.50 ,,UNAHCO,, 3 ,
,LATIGO 1000,LATIGO 1000,,,10 GMS,POULRTY SUPPLY,VET PRODUCTS,UNIVET,, 24.63 , 32.00 ,,UNAHCO,, 12 ,
,MAJOR D,MAJOR D,,,20ML.,POULRTY SUPPLY,VET PRODUCTS,UNIVET,, 15.88 , 20.00 ,,UNAHCO,, 11 ,
,MICROBAN,MICROBAN,,,100ML.,POULRTY SUPPLY,VET PRODUCTS,UNIVET,, 105.18 , 125.00 ,,UNAHCO,, 1 ,
,PUSHAM,PUSHAM,,,8 ML.,POULRTY SUPPLY,VET PRODUCTS,UNIVET,, 8.40 , 12.50 ,,UNAHCO,,,
,STRONG GUARD,STRONG GUARD,,,,POULRTY SUPPLY,VET PRODUCTS,UNIVET,, 5.29 , 7.00 ,,UNAHCO,, 199 ,
,VERMIGO,VERMIGO,,,CAPLET,POULRTY SUPPLY,VET PRODUCTS,UNIVET,, 3.23 , 4.50 ,,UNAHCO,, 70 ,
,VET CAPS GOLD,VET CAPS GOLD,,,CAPSULE,POULRTY SUPPLY,VET PRODUCTS,UNIVET,, 5.33 , 8.00 ,,UNAHCO,, 172 ,
,VETRACIN ,VETRACIN ,,,1KG,POULRTY SUPPLY,VET PRODUCTS,UNIVET,, 520.69 , 620.00 ,,UNAHCO,, 1 ,
,VET GOLD,VETRACIN GOLD,,,1KG,POULRTY SUPPLY,VET PRODUCTS,UNIVET,," 1,366.00 "," 1,550.00 ",,UNAHCO,, 1 ,
,VET CLASS,VETRACIN,,,5 GMS.,POULRTY SUPPLY,VET PRODUCTS,UNIVET,, 8.91 , 12.00 ,,UNAHCO,, 117 ,
,VET CLASS,VETRACIN,,,31.2 gms,POULRTY SUPPLY,VET PRODUCTS,UNIVET,, 54.39 , 65.00 ,,UNAHCO,, 3 ,
,VET CLASS,VETRACIN,,,150G,POULRTY SUPPLY,VET PRODUCTS,UNIVET,, 163.17 , 205.00 ,,UNAHCO,, 3 ,
,VET PREM ,VETRACIN PREMIUM ,,,5 GMS.,POULRTY SUPPLY,VET PRODUCTS,UNIVET,, 12.50 , 17.00 ,,UNAHCO,, 60 ,
,VET PREM ,VETRACIN PREMIUM ,,,24 GMS.,POULRTY SUPPLY,VET PRODUCTS,UNIVET,, 62.47 , 75.00 ,,UNAHCO,, 8 ,
,VET PREM ,VETRACIN PREMIUM ,,,114,POULRTY SUPPLY,VET PRODUCTS,UNIVET,, 189.63 , 240.00 ,,UNAHCO,, 2 ,
,VET GOLD,VETRACIN GOLD,,,5 GMS.,POULRTY SUPPLY,VET PRODUCTS,UNIVET,, 16.35 , 22.00 ,,UNAHCO,, 48 ,
,VET GOLD,VETRACIN GOLD,,,24 GMS.,POULRTY SUPPLY,VET PRODUCTS,UNIVET,, 79.38 , 100.00 ,,UNAHCO,, 6 ,
,VET GOLD,VETRACIN GOLD,,,114,POULRTY SUPPLY,VET PRODUCTS,UNIVET,, 238.14 , 300.00 ,,UNAHCO,, 2 ,
,VETRACIN,VETRACIN,,,REPACK,POULRTY SUPPLY,VET PRODUCTS,UNIVET,, 1.40 , 5.00 ,,UNAHCO,,,
,VET CAPS 250,VET CAPS 250,,,CAPSULE,POULRTY SUPPLY,VET PRODUCTS,UNIVET,, 5.87 , 8.00 ,,UNAHCO,,,
,ENERGEN,ENERGEN,,,,POULRTY SUPPLY,VET PRODUCTS,UNIVET,, 15.82 , 22.00 ,,UNAHCO,, 44 ,
,VREX,VREX,,,,POULRTY SUPPLY,VET PRODUCTS,UNIVET,, 7.50 , 10.00 ,,UNAHCO,, 6 ,
,AMOXTIN ,AMOXTIN ,,,5GMS,POULRTY SUPPLY,VET PRODUCTS,SAGUPAAN,, 12.60 , 16.00 ,,SAGUPAAN,, 4 ,
,AMOXTIN,AMOXTIN,,,20 GMS.,POULRTY SUPPLY,VET PRODUCTS,SAGUPAAN,, 43.80 , 57.00 ,,SAGUPAAN,, 7 ,
,AXYLIN,AXYLIN,,,5 GMS.,POULRTY SUPPLY,VET PRODUCTS,SAGUPAAN,, 18.60 , 24.00 ,,SAGUPAAN,, 7 ,
,AXYLIN,AXYLIN,,,20GMS,POULRTY SUPPLY,VET PRODUCTS,SAGUPAAN,, 72.00 , 95.00 ,,SAGUPAAN,,,
,B 50,B 50,,,CAPS,POULRTY SUPPLY,VET PRODUCTS,SAGUPAAN,, 3.75 , 5.50 ,,SAGUPAAN,, 370 ,
,COMPLEXOR,COMPLEXOR,,,10 ML,POULRTY SUPPLY,VET PRODUCTS,SAGUPAAN,, 122.85 , 158.00 ,,SAGUPAAN,, 11 ,
,COMPLEXOR,COMPLEXOR,,,20 ML,POULRTY SUPPLY,VET PRODUCTS,SAGUPAAN,, 205.05 , 263.00 ,,SAGUPAAN,, 5 ,
,COMPLEXOR,COMPLEXOR,,,100ML,POULRTY SUPPLY,VET PRODUCTS,SAGUPAAN,, 798.40 , 955.00 ,,SAGUPAAN,,,
,COMPLEXOR,COMPLEXOR,,,1CC,POULRTY SUPPLY,VET PRODUCTS,SAGUPAAN,, 7.98 , 12.00 ,,SAGUPAAN,,,
,DOVITRON,DOVITRON,,,5GMS.,POULRTY SUPPLY,VET PRODUCTS,SAGUPAAN,, 12.60 , 16.00 ,,SAGUPAAN,, 22 ,
,DOVITRON,DOVITRON,,,20GMS,POULRTY SUPPLY,VET PRODUCTS,SAGUPAAN,, 41.40 , 55.00 ,,SAGUPAAN,, 9 ,
,EXTRACTOR,EXTRACTOR,,,CAPS,POULRTY SUPPLY,VET PRODUCTS,SAGUPAAN,, 4.20 , 7.00 ,,SAGUPAAN,, 46 ,
,HAMMER,HAMMER,,,CAPS,POULRTY SUPPLY,VET PRODUCTS,SAGUPAAN,, 3.75 , 5.50 ,,SAGUPAAN,, 599 ,
,HAMMER 6ML,HAMMER 6ML,,,6 ML.,POULRTY SUPPLY,VET PRODUCTS,SAGUPAAN,, 13.20 , 17.00 ,,SAGUPAAN,, 2 ,
,MITE FREE,MITE FREE,,,SACHET,POULRTY SUPPLY,VET PRODUCTS,SAGUPAAN,, 8.25 , 12.00 ,,SAGUPAAN,, 23 ,
,SELECTROGEN,SELECTROGEN,,,20 GMS.,POULRTY SUPPLY,VET PRODUCTS,SAGUPAAN,, 14.80 , 20.00 ,,SAGUPAAN,, 48 ,
,T^2s 500,T^2s 500,,,CAPS,POULRTY SUPPLY,VET PRODUCTS,SAGUPAAN,, 6.60 , 9.00 ,,SAGUPAAN,, 144 ,
,T^2s 500,T^2s 500,,,5 GMS.,POULRTY SUPPLY,VET PRODUCTS,SAGUPAAN,, 15.82 , 20.00 ,,SAGUPAAN,, 19 ,
,T^2s 500,T^2s 500,,,20 GMS.,POULRTY SUPPLY,VET PRODUCTS,SAGUPAAN,, 43.80 , 60.00 ,,SAGUPAAN,, 8 ,
,AFSILLIN,AFSILLIN,,,220GMS,POULRTY SUPPLY,VET PRODUCTS,NOVARTIS,, 134.00 , 165.00 ,,VARIOUS,,,
,AGITA,AGITA,,,3G,POULRTY SUPPLY,VET PRODUCTS,NOVARTIS,, 19.42 , 30.00 ,,VARIOUS,,,
,AGITA,AGITA,,,400GMS,POULRTY SUPPLY,VET PRODUCTS,NOVARTIS,," 2,660.85 ",,,VARIOUS,,,
,BELAMYL,BELAMYL,,,RETAIL,POULRTY SUPPLY,VET PRODUCTS,NOVARTIS,, 8.50 , 13.00 ,,CLDS,, 18 ,
,BELAMYL,BELAMYL,,,10ML.,POULRTY SUPPLY,VET PRODUCTS,NOVARTIS,, 163.00 , 188.00 ,,CLDS,, 9 ,
,BELAMYL,BELAMYL,,,20 ML.,POULRTY SUPPLY,VET PRODUCTS,NOVARTIS,, 234.00 , 278.00 ,,CLDS,, 9 ,
,BELAMYL,BELAMYL,,,50 ML.,POULRTY SUPPLY,VET PRODUCTS,NOVARTIS,, 435.00 , 540.00 ,,CLDS,, 1 ,
,BELAMYL,BELAMYL,,,100 ML.,POULRTY SUPPLY,VET PRODUCTS,NOVARTIS,, 850.00 ," 1,020.00 ",,CLDS,, 1 ,
,PAKYAW,PAKYAW,,,TABS,POULRTY SUPPLY,VET PRODUCTS,NOVARTIS,, 2.99 , 5.00 ,,CLDS,, 170 ,
,COSUMIX,COSUMIX,,,TABLET,POULRTY SUPPLY,VET PRODUCTS,NOVARTIS,, 7.47 , 9.00 ,,VARIOUS,,,
,DYNAMUTILIN,DYNAMUTILIN,,,TABLET,POULRTY SUPPLY,VET PRODUCTS,NOVARTIS,, 7.39 , 9.50 ,,VARIOUS,, 6 ,
,VIONATE,VIONATE,,,22OGMS.,POULRTY SUPPLY,VET PRODUCTS,NOVARTIS,, 272.00 , 312.00 ,,CLDS,, 2 ,
,ESB3,ESB3,,,20GMS,POULRTY SUPPLY,VET PRODUCTS,NOVARTIS,, 129.00 , 160.00 ,,CLDS,,,
,ROBIPENSTREP P,ROBIPENSTREP P,,,1 DOSE,POULRTY SUPPLY,VET PRODUCTS,ROBICHEM,, 21.44 , 30.00 ,,UY,, 9 ,
,ROBIPENSTREP P,ROBIPENSTREP P,,,10 DOSE,POULRTY SUPPLY,VET PRODUCTS,ROBICHEM,, 66.66 , 95.00 ,,UY,, 3 ,
,ROBIPENSTREP P,ROBIPENSTREP P,,,50 D,POULRTY SUPPLY,VET PRODUCTS,ROBICHEM,, 160.80 , 240.00 ,,UY,,,
,ROBISTREP VK,ROBISTREP VK,,,25 GMS.,POULRTY SUPPLY,VET PRODUCTS,ROBICHEM,, 34.66 , 50.00 ,,UY,, 5 ,
,ROBISTREP VK,ROBISTREP VK,,,110 GMS.,POULRTY SUPPLY,VET PRODUCTS,ROBICHEM,, 120.80 , 150.00 ,,UY,, 7 ,
,TRIPULAC,TRIPULAC,,,100 ML.,POULRTY SUPPLY,VET PRODUCTS,ROBICHEM,, 106.67 , 145.00 ,,UY,, 1 ,
,ROBI LA,ROBI LA,,,10 ML.,POULRTY SUPPLY,VET PRODUCTS,ROBICHEM,, 83.33 , 112.00 ,,UY,,,
,GONADIN,GONADIN,,,2 ML.,POULRTY SUPPLY,VET PRODUCTS,TRYCO,, 135.00 , 165.00 ,,SAN ISIDRO,, 6 ,
,PROTOLYTE,PROTOLYTE,,,250 ML.,POULRTY SUPPLY,VET PRODUCTS,TRYCO,, 70.00 , 97.00 ,,SAN ISIDRO,, 2 ,
,PITOXAL,PITOXAL,,,5 ML.,POULRTY SUPPLY,VET PRODUCTS,TRYCO,, 79.00 , 96.00 ,,SAN ISIDRO,, 4 ,
,SCOUREX,SCOUREX,,,COBLET,POULRTY SUPPLY,VET PRODUCTS,TRYCO,, 10.56 , 13.00 ,,SAN ISIDRO,, 11 ,
,STREP V,STREP V,,,25 GMS.,POULRTY SUPPLY,VET PRODUCTS,TRYCO,, 33.00 , 40.00 ,,SAN ISIDRO,,,
,STREP V,STREP V,,,114 GMS.,POULRTY SUPPLY,VET PRODUCTS,TRYCO,, 90.00 , 120.00 ,,SAN ISIDRO,,,
,STYZOL,STYZOL,,,TABLET,POULRTY SUPPLY,VET PRODUCTS,TRYCO,, 8.10 , 10.00 ,,SAN ISIDRO,,,
,TYROVITE,TYROVITE,,,25 GMS.,POULRTY SUPPLY,VET PRODUCTS,TRYCO,, 33.00 , 42.00 ,,SAN ISIDRO,,,
,TYROVITE,TYROVITE,,,114 GMS.,POULRTY SUPPLY,VET PRODUCTS,TRYCO,, 99.00 , 120.00 ,,SAN ISIDRO,,,
,TYROX-V,TYROX-V,,,TABLET,POULRTY SUPPLY,VET PRODUCTS,TRYCO,, 11.00 , 15.00 ,,SAN ISIDRO,, 27 ,
,ANIMYCIN,ANIMYCIN,,,60 ML.,POULRTY SUPPLY,VET PRODUCTS,BELMAN,, 53.32 , 59.00 ,,BELMAN,, 2 ,
,ANIMYCIN,ANIMYCIN,,,120 ML.,POULRTY SUPPLY,VET PRODUCTS,BELMAN,, 83.42 , 95.00 ,,BELMAN,,,
,CECCICAL,CECCICAL,,,200 GMS.,POULRTY SUPPLY,VET PRODUCTS,BELMAN,, 48.16 , 56.00 ,,BELMAN,, 3 ,
,COCKSURE,COCKSURE,,,,POULRTY SUPPLY,VET PRODUCTS,BELMAN,, 8.60 , 12.00 ,,BELMAN,,,
,DCM,DCM,,,100 ML.,POULRTY SUPPLY,VET PRODUCTS,BELMAN,, 148.78 , 172.00 ,,BELMAN,, 1 ,
,DCM,DCM,,,50 ML.,POULRTY SUPPLY,VET PRODUCTS,BELMAN,, 98.04 , 115.00 ,,BELMAN,, 1 ,
,ECOLMIN,ECOLMIN,,,20ML.,POULRTY SUPPLY,VET PRODUCTS,BELMAN,, 98.90 , 115.00 ,,BELMAN,,,
,ILUALCIN,ILUALCIN,,,2.5 ML.,POULRTY SUPPLY,VET PRODUCTS,BELMAN,, 27.78 , 38.00 ,,BELMAN,,,
,MILKGOLD,MILKGOLD,,,1 KG.,POULRTY SUPPLY,VET PRODUCTS,BELMAN,, 117.50 , 140.00 ,,BELMAN,, 2 ,
,PIDRO,PIDRO,,,2.4 GMS.,POULRTY SUPPLY,VET PRODUCTS,BELMAN,, 5.16 , 7.00 ,,BELMAN,, 35 ,
,PIDRO,PIDRO,,,24 GMS.,POULRTY SUPPLY,VET PRODUCTS,BELMAN,, 24.08 , 30.00 ,,BELMAN,, 10 ,
,SMP,SMP,,,TABLET,POULRTY SUPPLY,VET PRODUCTS,BELMAN,, 5.23 , 6.50 ,,BELMAN,, 66 ,
,TYLOFER,TYLOFER,,,10 ML.,POULRTY SUPPLY,VET PRODUCTS,BELMAN,, 149.64 , 180.00 ,,BELMAN,,,
,TYLOFER,TYLOFER,,,20 ML.,POULRTY SUPPLY,VET PRODUCTS,BELMAN,, 219.30 , 255.00 ,,BELMAN,,,
,V-22,V-22,,,30'S,POULRTY SUPPLY,VET PRODUCTS,BELMAN,, 43.13 , 59.00 ,,BELMAN,, 7 ,
,V-22,V-22,,,100'S,POULRTY SUPPLY,VET PRODUCTS,BELMAN,, 129.00 , 150.00 ,,BELMAN,, 3 ,
,V-22,V-22,,,1000'S,POULRTY SUPPLY,VET PRODUCTS,BELMAN,," 1,161.00 "," 1,350.00 ",,BELMAN,,,
,V-22,V-22,,,RETAIL,POULRTY SUPPLY,VET PRODUCTS,BELMAN,, 1.16 , 1.50 ,,BELMAN,, 7 ,
,V-22,V-22,,,200 GMS.,POULRTY SUPPLY,VET PRODUCTS,BELMAN,, 39.47 , 54.00 ,,BELMAN,, 3 ,
,VETCOMBEX,VETCOMBEX,,,10 ML.,POULRTY SUPPLY,VET PRODUCTS,BELMAN,, 79.98 , 95.00 ,,BELMAN,,,
,ILUALCIN,ILUALCIN,,,10ml,POULRTY SUPPLY,VET PRODUCTS,BELMAN,, 93.74 , 110.00 ,,BELMAN,,,
,NEOTERRA,NEOTERRA,,,20 GMS.,POULRTY SUPPLY,VET PRODUCTS,PFIZER,, 80.00 , 100.00 ,,SAN ISIDRO,,,
,TERRAMYCIN LA,TERRAMYCIN LA,,,10 ML.,POULRTY SUPPLY,VET PRODUCTS,PFIZER,, 140.00 , 200.00 ,,SAN ISIDRO,, 3 ,
,VALBAZEN,VALBAZEN,,,30 ML.,POULRTY SUPPLY,VET PRODUCTS,PFIZER,, 135.00 , 198.00 ,,SAN ISIDRO,, 2 ,
,TM LA,TM LA,,,100ML,POULRTY SUPPLY,VET PRODUCTS,PFIZER,, 490.00 , 630.00 ,,SAN ISIDRO,,,
,AGMETIN,AGMETIN,,, 5G ,POULRTY SUPPLY,VET PRODUCTS, METROVET ,, 14.58 , 22.00 ,,SAN ISIDRO,, 18 ,
,ANIMASTRATH,ANIMASTRATH,,,CAPSULE,POULRTY SUPPLY,VET PRODUCTS, METROVET ,, 6.53 , 8.50 ,,SAN ISIDRO,, 71 ,
,AQUADOX,AQUADOX,,,4 GMS.,POULRTY SUPPLY,VET PRODUCTS, METROVET ,, 14.83 , 20.00 ,,SAN ISIDRO,, 14 ,
,AQUADOX,AQUADOX,,,25 GMS.,POULRTY SUPPLY,VET PRODUCTS, METROVET ,, 58.75 , 80.00 ,,SAN ISIDRO,, 11 ,
,AQUADOX,AQUADOX,,,100GMS.,POULRTY SUPPLY,VET PRODUCTS, METROVET ,, 108.00 , 130.00 ,,SAN ISIDRO,, 1 ,
,GALLIMYCIN,GALLIMYCIN,,,5 GMS.,POULRTY SUPPLY,VET PRODUCTS, METROVET ,, 16.02 , 20.00 ,,SAN ISIDRO,, 4 ,
,VIMVITE,VIMVITE,,,TABLET,POULRTY SUPPLY,VET PRODUCTS, METROVET ,, 3.60 , 5.00 ,,SAN ISIDRO,,,
,AMBROXITIL,AMBROXITIL,,,5 GMS.,POULRTY SUPPLY,VET PRODUCTS,EXCELLENCE,, 24.80 , 31.00 ,,EXCELLENCE,, 58 ,
,AMTYL,AMTYL,,,TABS.,POULRTY SUPPLY,VET PRODUCTS,EXCELLENCE,, 12.00 , 15.00 ,,EXCELLENCE,, 179 ,
,OXYRID,OXYRID,,,,POULRTY SUPPLY,VET PRODUCTS,EXCELLENCE,, 123.75 , 160.00 ,,EXCELLENCE,, 6 ,
,TRUE GRIT,TRUE GRIT,,,,POULRTY SUPPLY,VET PRODUCTS,EXCELLENCE,, 3.88 , 6.00 ,,EXCELLENCE,, 120 ,
,ZERO MITE,ZERO MITE,,,,POULRTY SUPPLY,VET PRODUCTS,EXCELLENCE,, 11.21 , 15.00 ,,EXCELLENCE,, 31 ,
,RID,RID,,,,POULRTY SUPPLY,VET PRODUCTS,EXCELLENCE,, 3.50 , 5.00 ,,EXCELLENCE,,,
,VOLTPLEX,VOLTPLEX,,,TABS.,POULRTY SUPPLY,VET PRODUCTS,EXCELLENCE,, 9.49 , 14.00 ,,EXCELLENCE,, 158 ,
,TEPOX,TEPOX,,,,POULRTY SUPPLY,VET PRODUCTS,EXCELLENCE,, 21.25 , 27.00 ,,EXCELLENCE,, 28 ,
,RELOAD,RELOAD,,,5ml,POULRTY SUPPLY,VET PRODUCTS,EXCELLENCE,, 112.50 , 130.00 ,,EXCELLENCE,, 4 ,
,ASUNTOL,ASUNTOL,,,REPACK,POULRTY SUPPLY,VET PRODUCTS,BAYER,, 70.00 , 90.00 ,,SAN ISIDRO,,,
,ASUNTOL,ASUNTOL,,,500GMS.,POULRTY SUPPLY,VET PRODUCTS,BAYER,," 3,414.22 ",,,SAN ISIDRO,,,
,BAYTRIL,BAYTRIL,,,20 ML.,POULRTY SUPPLY,VET PRODUCTS,BAYER,, 342.76 , 450.00 ,,SAN ISIDRO,, 3 ,
,COFORTA,COFORTA,,,20 ML,POULRTY SUPPLY,VET PRODUCTS,BAYER,, 242.00 , 292.00 ,,SAN ISIDRO,, 1 ,
,NEGUVON,NEGUVON,,,5GMS.,POULRTY SUPPLY,VET PRODUCTS,BAYER,, 45.00 , 60.00 ,,SAN ISIDRO,, 8 ,
,NEGUVON,NEGUVON,,,10 GMS.,POULRTY SUPPLY,VET PRODUCTS,BAYER,, 92.71 , 115.00 ,,SAN ISIDRO,,,
,RINTAL,RINTAL,,,,POULRTY SUPPLY,VET PRODUCTS,BAYER,, 7.81 , 10.00 ,,SAN ISIDRO,,,
,BAYCOX,BAYCOX,,,,POULRTY SUPPLY,VET PRODUCTS,BAYER,," 2,618.00 ",,,SAN ISIDRO,,,
,ALFAMEC,ALFAMEC,,,,POULRTY SUPPLY,VET PRODUCTS,PHYLUM,, 595.00 , 710.00 ,,PHYLUM,, 1 ,
,AMILYTE-C ,AMILYTE-C ,,,100ML,POULRTY SUPPLY,VET PRODUCTS,PHYLUM,, 190.00 , 230.00 ,,PHYLUM,,,
,AMOXICILLIN,AMOXICILLIN,,,100ML,POULRTY SUPPLY,VET PRODUCTS,PHYLUM,, 521.00 , 625.00 ,,PHYLUM,,,
,BICOMED,BICOMED,,,100ML,POULRTY SUPPLY,VET PRODUCTS,PHYLUM,, 268.00 , 365.00 ,,PHYLUM,,,
,BIOVITALYTE,BIOVITALYTE,,,,POULRTY SUPPLY,VET PRODUCTS,PHYLUM,, 789.00 ,,,PHYLUM,,,
,ENROMED,ENROMED,,,100ML,POULRTY SUPPLY,VET PRODUCTS,PHYLUM,, 413.00 , 495.00 ,,PHYLUM,,,
,FTD,FTD,,,100ML,POULRTY SUPPLY,VET PRODUCTS,PHYLUM,, 455.00 , 545.00 ,,PHYLUM,,,
,GENTAMICIN,GENTAMICIN,,,,POULRTY SUPPLY,VET PRODUCTS,PHYLUM,, 384.00 , 460.00 ,,PHYLUM,,,
,KANADEXCON,KANADEXCON,,,100ML,POULRTY SUPPLY,VET PRODUCTS,PHYLUM,, 351.00 , 500.00 ,,PHYLUM,,,
,METAPYRONE,METAPYRONE,,,100ML,POULRTY SUPPLY,VET PRODUCTS,PHYLUM,, 198.00 , 240.00 ,,PHYLUM,,,
,OXYTETRA LA,OXYTETRA LA,,,100ML,POULRTY SUPPLY,VET PRODUCTS,PHYLUM,, 306.00 , 367.00 ,,PHYLUM,,,
,VIT ADE,VIT ADE,,,100ML,POULRTY SUPPLY,VET PRODUCTS,PHYLUM,, 355.00 , 426.00 ,,PHYLUM,, 1 ,
,AMIMOX,AMIMOX,,,100ML,POULRTY SUPPLY,VET PRODUCTS,PHYLUM,, 504.00 , 605.00 ,,PHYLUM,,,
,PHYLUMOX 20% LA,PHYLUMOX 20% LA,,,100ML,POULRTY SUPPLY,VET PRODUCTS,PHYLUM,, 541.00 , 650.00 ,,PHYLUM,,,
,MULTIVITAMINS,MULTIVITAMINS,,,100ML,POULRTY SUPPLY,VET PRODUCTS,PHYLUM,, 330.00 , 395.00 ,,PHYLUM,,,
,ACROVIM,ACROVIM,,,,POULRTY SUPPLY,VET PRODUCTS,OTHERS,, 4.00 , 6.00 ,,CLDS,,,
,AMINOPLEX,AMINOPLEX,,,10ML,POULRTY SUPPLY,VET PRODUCTS,OTHERS,, 420.00 , 505.00 ,,CLDS,,,
,AMINOPLEX,AMINOPLEX,,,30ML,POULRTY SUPPLY,VET PRODUCTS,OTHERS,, 610.00 , 725.00 ,,CLDS,, 1 ,
,AMINOPLEX ,AMINOPLEX ,,,CAPSULE,POULRTY SUPPLY,VET PRODUCTS,OTHERS,, 5.52 , 8.00 ,,CLDS,, 172 ,
,AMOX 250,AMOX 250,,,CAPSULE,POULRTY SUPPLY,VET PRODUCTS,OTHERS,, 1.50 , 5.00 ,,CLDS,, 78 ,
,AMOX 500,AMOX 500,,,CAPSULE,POULRTY SUPPLY,VET PRODUCTS,OTHERS,, 2.00 , 8.00 ,,CLDS,, 68 ,
,BIOCID,BIOCID,,,1L,POULRTY SUPPLY,VET PRODUCTS,OTHERS,, 845.00 , 970.00 ,,SAN ISIDRO,,,
,B-12 AAFES,B-12 AAFES,,,TABS,POULRTY SUPPLY,VET PRODUCTS,OTHERS,, 0.40 , 1.00 ,,ARVET,, 86 ,
,B-12 AAFES,B-12 AAFES,,,100'S,POULRTY SUPPLY,VET PRODUCTS,OTHERS,, 40.00 , 75.00 ,,ARVET,, 8 ,
,BIONIC FIGHTER,BIONIC FIGHTER,,,CAPLET,POULRTY SUPPLY,VET PRODUCTS,OTHERS,, 4.00 , 6.00 ,,VARIOUS,, 7 ,
,C.T WILLIAM,C.T WILLIAM,,,CAPSULE,POULRTY SUPPLY,VET PRODUCTS,OTHERS,, 9.00 , 14.00 ,,ARVET,, 102 ,
,CALCIUM,CALCIUM,,,TABLET,POULRTY SUPPLY,VET PRODUCTS,OTHERS,, 0.10 , 0.50 ,,ARVET,,,
,CALCIUM,CALCIUM,,,100'S,POULRTY SUPPLY,VET PRODUCTS,OTHERS,, 10.00 , 20.00 ,,ARVET,, 32 ,
,CEFA ,CEFA ,,,CAPLET,POULRTY SUPPLY,VET PRODUCTS,OTHERS,, 3.50 , 15.00 ,,VARIOUS,, 67 ,
,CENTRUM,CENTRUM,,,TABLET,POULRTY SUPPLY,VET PRODUCTS,OTHERS,, 4.20 , 8.00 ,,ARVET,,,
,CENTRUM SILVER,CENTRUM SILVER,,,TABLET,POULRTY SUPPLY,VET PRODUCTS,OTHERS,, 4.74 , 10.00 ,,ARVET,, 106 ,
,CHLORAM 250,CHLORAM 250,,,CAPSULE,POULRTY SUPPLY,VET PRODUCTS,OTHERS,, 1.60 , 4.00 ,,ARVET,, 99 ,
,CHLORAM 500,CHLORAM 500,,,CAPSULE,POULRTY SUPPLY,VET PRODUCTS,OTHERS,, 2.00 , 7.00 ,,ARVET,, 78 ,
,COD LIVER OIL,COD LIVER OIL,,,CAPSULE,POULRTY SUPPLY,VET PRODUCTS,OTHERS,, 0.85 , 2.00 ,,CLDS,, 60 ,
,COD LIVER OIL,COD LIVER OIL,,,100'S,POULRTY SUPPLY,VET PRODUCTS,OTHERS,, 85.00 , 130.00 ,,CLDS,, 2 ,
,COMBINEX,COMBINEX,,,,POULRTY SUPPLY,VET PRODUCTS,OTHERS,, 166.30 , 225.00 ,,HUNTER,, 3 ,
,DEMONS DRIVER,DEMONS DRIVER,,,,POULRTY SUPPLY,VET PRODUCTS,OTHERS,, 105.00 , 135.00 ,,VARIOUS,,,
,DERBY PILLS,DERBY PILLS,,,TABLET,POULRTY SUPPLY,VET PRODUCTS,OTHERS,, 3.45 , 5.00 ,,VARIOUS,,,
,ENROFLOXACIN 250MG,ENROFLOXACIN 250MG,,,,POULRTY SUPPLY,VET PRODUCTS,OTHERS,, 4.75 , 10.00 ,,CLDS,,,
,ENROFLOXACIN 500MG,ENROFLOXACIN 500MG,,,,POULRTY SUPPLY,VET PRODUCTS,OTHERS,, 6.92 , 14.00 ,,CLDS,, 114 ,
,IVERMECTIN,IVERMECTIN,,,RETAIL,POULRTY SUPPLY,VET PRODUCTS,OTHERS,, 0.07 , 15.00 ,,VETFILES,, 35 ,
,IVOMEC,IVOMEC,,,100ML.,POULRTY SUPPLY,VET PRODUCTS,OTHERS,," 1,200.00 "," 1,800.00 ",,VARIOUS,,,
,IVOMEC,IVOMEC,,,RETAIL,POULRTY SUPPLY,VET PRODUCTS,OTHERS,, 12.00 , 25.00 ,,VARIOUS,,,
,L-SPEC,L-SPEC,,,10ML,POULRTY SUPPLY,VET PRODUCTS,OTHERS,, 207.00 , 260.00 ,,CLDS,, 1 ,
,MOTHYL-X TABS,MOTHYL-X TABS,,,TABS,POULRTY SUPPLY,VET PRODUCTS,OTHERS,, 1.20 , 2.00 ,,ARVET,, 41 ,
,MOTHYL-X TABS,MOTHYL-X TABS,,,50'S,POULRTY SUPPLY,VET PRODUCTS,OTHERS,, 60.00 , 85.00 ,,ARVET,, 1 ,
,MULTI,MULTI,,,TABLET,POULRTY SUPPLY,VET PRODUCTS,OTHERS,, 0.10 , 0.50 ,,ARVET,,,
,MULTI,MULTI,,,100'S,POULRTY SUPPLY,VET PRODUCTS,OTHERS,, 10.00 , 20.00 ,,ARVET,, 42 ,
,NUXVOMICA,NUXVOMICA,,,7ML,POULRTY SUPPLY,VET PRODUCTS,OTHERS,, 135.00 , 185.00 ,,CLDS,,,
,OMETOL,OMETOL,,,CAPSULE,POULRTY SUPPLY,VET PRODUCTS,OTHERS,, 10.60 , 15.00 ,,CLDS,,,
,PHARMATON,PHARMATON,,,TABS,POULRTY SUPPLY,VET PRODUCTS,OTHERS,, 14.00 , 24.00 ,,ARVET,, 8 ,
,PHARMATON,PHARMATON,,,100'S,POULRTY SUPPLY,VET PRODUCTS,OTHERS,," 1,400.00 ",,,ARVET,,,
,RED CELL,RED CELL,,,DROPS,POULRTY SUPPLY,VET PRODUCTS,OTHERS,, 44.00 , 100.00 ,,UNAHCO,,,
,RELOAD PLUS,RELOAD PLUS,,,15ML.,POULRTY SUPPLY,VET PRODUCTS,OTHERS,, 249.00 , 300.00 ,,EXCELLENCE,,,
,RESPIGEN,RESPIGEN,,,5ml,POULRTY SUPPLY,VET PRODUCTS,OTHERS,, 127.00 , 155.00 ,,EXCELLENCE,, 2 ,
,RESPIGEN,RESPIGEN,,,10ml,POULRTY SUPPLY,VET PRODUCTS,OTHERS,, 235.00 , 285.00 ,,EXCELLENCE,, 1 ,
,RESPIGEN GEL,RESPIGEN GEL,,,,POULRTY SUPPLY,VET PRODUCTS,OTHERS,, 396.00 , 475.00 ,,EXCELLENCE,, 2 ,
,ROMOXTYL,ROMOXTYL,,,,POULRTY SUPPLY,VET PRODUCTS,OTHERS,, 9.90 , 14.00 ,,UNAHCO,, 83 ,
,SECRET WEAPON,SECRET WEAPON,,,,POULRTY SUPPLY,VET PRODUCTS,OTHERS,, 180.00 , 235.00 ,,VARIOUS,, 2 ,
,STRESS FORMULA,STRESS FORMULA,,,CAPLET,POULRTY SUPPLY,VET PRODUCTS,OTHERS,, 3.85 , 6.50 ,,ARVET,, 99 ,
,STRESS FORMULA,STRESS FORMULA,,,100'S,POULRTY SUPPLY,VET PRODUCTS,OTHERS,, 385.00 , 520.00 ,,ARVET,,,
,SULVET OBLETS,SULVET OBLETS,,,,POULRTY SUPPLY,VET PRODUCTS,OTHERS,, 20.14 , 25.00 ,,ARVET,,,
,TYLAN 50,TYLAN 50,,,,POULRTY SUPPLY,VET PRODUCTS,OTHERS,, 75.67 , 115.00 ,,HUNTER,,,
,VIRKON ,VIRKON ,,,1KG,POULRTY SUPPLY,VET PRODUCTS,OTHERS,," 1,505.00 "," 1,750.00 ",,SAN ISIDRO,,,
,WORMAL,WORMAL,,,CAPLET,POULRTY SUPPLY,VET PRODUCTS,OTHERS,, 3.61 , 6.00 ,,ARVET,, 73 ,
,THYMOL POWDER,THYMOL POWDER,,,75GMS,POULRTY SUPPLY,VET PRODUCTS,OTHERS,, 70.00 , 85.00 ,,CLDS,,,
, B-12 1000MG, B-12 1000MG,,,10ML.,POULRTY SUPPLY,VET PRODUCTS,OTHERS,, 235.00 , 290.00 ,,CLDS,, 1 ,
,B1 B1 STRAIN,B1 B1 STRAIN,,,,POULRTY SUPPLY,VET PRODUCTS,VACCINES,, 120.00 , 180.00 ,,SAN ISIDRO,,,
,BI LASOTA,BI LASOTA,,,,POULRTY SUPPLY,VET PRODUCTS,VACCINES,, 120.00 , 180.00 ,,SAN ISIDRO,, 1 ,
,HOG CHOLERA,HOG CHOLERA,,,10 DOSE,POULRTY SUPPLY,VET PRODUCTS,VACCINES,, 100.00 , 140.00 ,,SAN ISIDRO,,,
,HOG CHOLERA,HOG CHOLERA,,,20 DOSE,POULRTY SUPPLY,VET PRODUCTS,VACCINES,, 170.00 , 230.00 ,,SAN ISIDRO,, 3 ,
,PIGVAX,PIGVAX,,,,POULRTY SUPPLY,VET PRODUCTS,VACCINES,, 100.00 , 140.00 ,,SAN ISIDRO,,,
,FOWL POX,FOWL POX,,,,POULRTY SUPPLY,VET PRODUCTS,VACCINES,, 275.00 , 350.00 ,,SAN ISIDRO,, 1 ,
,FOWL POX,FOWL POX,,,100 DOSE,POULRTY SUPPLY,VET PRODUCTS,VACCINES,, 314.00 , 450.00 ,,SAN ISIDRO,,,
,CORYZA,CORYZA,,,500ML,POULRTY SUPPLY,VET PRODUCTS,VACCINES,," 1,775.00 "," 2,150.00 ",,CLDS,,,
